Date,Size,P/B RATIO,,,,,,,,,,,,,,,,,,,,,,,,,,,
12/31/14,"502,645,380",1.035,,,,,,,,,,,,,,,,,,,,,,,,,,,
1/1/15,"502,645,380",1.035,,,,,,,,,,,,,,,,,,,,,,,,,,,
1/2/15,"502,645,380",1.035,,,,,,,,,,,,,,,,,,,,,,,,,,,
1/5/15,"502,645,380",1.035,,,,,,,,,,,,,,,,,,,,,,,,,,,
1/6/15,"502,645,380",1.035,,,,,,,,,,,,,,,,,,,,,,,,,,,
1/7/15,"502,645,380",1.035,,,,,,,,,,,,,,,,,,,,,,,,,,,
1/8/15,"502,645,380",1.035,,,,,,,,,,,,,,,,,,,,,,,,,,,
1/9/15,"502,645,380",1.035,,,,,,,,,,,,,,,,,,,,,,,,,,,
1/12/15,"502,645,380",1.035,,,,,,,,,,,,,,,,,,,,,,,,,,,
1/13/15,"502,645,380",1.035,,,,,,,,,,,,,,,,,,,,,,,,,,,
1/14/15,"502,645,380",1.035,,,,,,,,,,,,,,,,,,,,,,,,,,,
1/15/15,"502,645,380",1.035,,,,,,,,,,,,,,,,,,,,,,,,,,,
1/16/15,"502,645,380",1.035,,,,,,,,,,,,,,,,,,,,,,,,,,,
1/19/15,"502,645,380",1.035,,,,,,,,,,,,,,,,,,,,,,,,,,,
1/20/15,"502,645,380",1.035,,,,,,,,,,,,,,,,,,,,,,,,,,,
1/21/15,"502,645,380",1.035,,,,,,,,,,,,,,,,,,,,,,,,,,,
1/22/15,"502,645,380",1.035,,,,,,,,,,,,,,,,,,,,,,,,,,,
1/23/15,"502,645,380",1.035,,,,,,,,,,,,,,,,,,,,,,,,,,,
1/26/15,"502,645,380",1.035,,,,,,,,,,,,,,,,,,,,,,,,,,,
1/27/15,"502,645,380",1.035,,,,,,,,,,,,,,,,,,,,,,,,,,,
1/28/15,"502,645,380",1.035,,,,,,,,,,,,,,,,,,,,,,,,,,,
1/29/15,"502,645,380",1.035,,,,,,,,,,,,,,,,,,,,,,,,,,,
1/30/15,"502,645,380",1.035,,,,,,,,,,,,,,,,,,,,,,,,,,,
2/2/15,"502,645,380",1.035,,,,,,,,,,,,,,,,,,,,,,,,,,,
2/3/15,"502,645,380",1.035,,,,,,,,,,,,,,,,,,,,,,,,,,,
2/4/15,"502,645,380",1.035,,,,,,,,,,,,,,,,,,,,,,,,,,,
2/5/15,"502,645,380",1.035,,,,,,,,,,,,,,,,,,,,,,,,,,,
2/6/15,"502,645,380",1.035,,,,,,,,,,,,,,,,,,,,,,,,,,,
2/9/15,"502,645,380",1.035,,,,,,,,,,,,,,,,,,,,,,,,,,,
2/10/15,"502,645,380",1.035,,,,,,,,,,,,,,,,,,,,,,,,,,,
2/11/15,"502,645,380",1.035,,,,,,,,,,,,,,,,,,,,,,,,,,,
2/12/15,"502,645,380",1.035,,,,,,,,,,,,,,,,,,,,,,,,,,,
2/13/15,"502,645,380",1.035,,,,,,,,,,,,,,,,,,,,,,,,,,,
2/16/15,"502,645,380",1.035,,,,,,,,,,,,,,,,,,,,,,,,,,,
2/17/15,"502,645,380",1.035,,,,,,,,,,,,,,,,,,,,,,,,,,,
2/18/15,"502,645,380",1.035,,,,,,,,,,,,,,,,,,,,,,,,,,,
2/19/15,"502,645,380",1.035,,,,,,,,,,,,,,,,,,,,,,,,,,,
2/20/15,"502,645,380",1.035,,,,,,,,,,,,,,,,,,,,,,,,,,,
2/23/15,"502,645,380",1.035,,,,,,,,,,,,,,,,,,,,,,,,,,,
2/24/15,"502,645,380",1.035,,,,,,,,,,,,,,,,,,,,,,,,,,,
2/25/15,"502,645,380",1.035,,,,,,,,,,,,,,,,,,,,,,,,,,,
2/26/15,"502,645,380",1.035,,,,,,,,,,,,,,,,,,,,,,,,,,,
2/27/15,"502,645,380",1.035,,,,,,,,,,,,,,,,,,,,,,,,,,,
3/2/15,"502,645,380",1.035,,,,,,,,,,,,,,,,,,,,,,,,,,,
3/3/15,"502,645,380",1.035,,,,,,,,,,,,,,,,,,,,,,,,,,,
3/4/15,"502,645,380",1.035,,,,,,,,,,,,,,,,,,,,,,,,,,,
3/5/15,"502,645,380",1.035,,,,,,,,,,,,,,,,,,,,,,,,,,,
3/6/15,"502,645,380",1.035,,,,,,,,,,,,,,,,,,,,,,,,,,,
3/9/15,"502,645,380",1.035,,,,,,,,,,,,,,,,,,,,,,,,,,,
3/10/15,"502,645,380",1.035,,,,,,,,,,,,,,,,,,,,,,,,,,,
3/11/15,"502,645,380",1.035,,,,,,,,,,,,,,,,,,,,,,,,,,,
3/12/15,"502,645,380",1.035,,,,,,,,,,,,,,,,,,,,,,,,,,,
3/13/15,"502,645,380",1.035,,,,,,,,,,,,,,,,,,,,,,,,,,,
3/16/15,"502,645,380",1.035,,,,,,,,,,,,,,,,,,,,,,,,,,,
3/17/15,"502,645,380",1.035,,,,,,,,,,,,,,,,,,,,,,,,,,,
3/18/15,"502,645,380",1.035,,,,,,,,,,,,,,,,,,,,,,,,,,,
3/19/15,"502,645,380",1.035,,,,,,,,,,,,,,,,,,,,,,,,,,,
3/20/15,"502,645,380",1.035,,,,,,,,,,,,,,,,,,,,,,,,,,,
3/23/15,"502,645,380",1.035,,,,,,,,,,,,,,,,,,,,,,,,,,,
3/24/15,"502,645,380",1.035,,,,,,,,,,,,,,,,,,,,,,,,,,,
3/25/15,"502,645,380",1.035,,,,,,,,,,,,,,,,,,,,,,,,,,,
3/26/15,"502,645,380",1.035,,,,,,,,,,,,,,,,,,,,,,,,,,,
3/27/15,"502,645,380",1.035,,,,,,,,,,,,,,,,,,,,,,,,,,,
3/30/15,"502,645,380",1.035,,,,,,,,,,,,,,,,,,,,,,,,,,,
3/31/15,"502,645,380",1.035,,,,,,,,,,,,,,,,,,,,,,,,,,,
4/1/15,"502,645,380",1.035,,,,,,,,,,,,,,,,,,,,,,,,,,,
4/2/15,"502,645,380",1.035,,,,,,,,,,,,,,,,,,,,,,,,,,,
4/3/15,"502,645,380",1.035,,,,,,,,,,,,,,,,,,,,,,,,,,,
4/6/15,"502,645,380",1.035,,,,,,,,,,,,,,,,,,,,,,,,,,,
4/7/15,"502,645,380",1.035,,,,,,,,,,,,,,,,,,,,,,,,,,,
4/8/15,"502,645,380",1.035,,,,,,,,,,,,,,,,,,,,,,,,,,,
4/9/15,"502,645,380",1.035,,,,,,,,,,,,,,,,,,,,,,,,,,,
4/10/15,"502,645,380",1.035,,,,,,,,,,,,,,,,,,,,,,,,,,,
4/13/15,"502,645,380",1.035,,,,,,,,,,,,,,,,,,,,,,,,,,,
4/14/15,"502,645,380",1.035,,,,,,,,,,,,,,,,,,,,,,,,,,,
4/15/15,"502,645,380",1.035,,,,,,,,,,,,,,,,,,,,,,,,,,,
4/16/15,"502,645,380",1.035,,,,,,,,,,,,,,,,,,,,,,,,,,,
4/17/15,"502,645,380",1.035,,,,,,,,,,,,,,,,,,,,,,,,,,,
4/20/15,"502,645,380",1.035,,,,,,,,,,,,,,,,,,,,,,,,,,,
4/21/15,"502,645,380",1.035,,,,,,,,,,,,,,,,,,,,,,,,,,,
4/22/15,"502,645,380",1.035,,,,,,,,,,,,,,,,,,,,,,,,,,,
4/23/15,"502,645,380",1.035,,,,,,,,,,,,,,,,,,,,,,,,,,,
4/24/15,"502,645,380",1.035,,,,,,,,,,,,,,,,,,,,,,,,,,,
4/27/15,"502,645,380",1.035,,,,,,,,,,,,,,,,,,,,,,,,,,,
4/28/15,"502,645,380",1.035,,,,,,,,,,,,,,,,,,,,,,,,,,,
4/29/15,"502,645,380",1.035,,,,,,,,,,,,,,,,,,,,,,,,,,,
4/30/15,"502,645,380",1.035,,,,,,,,,,,,,,,,,,,,,,,,,,,
5/1/15,"502,645,380",1.035,,,,,,,,,,,,,,,,,,,,,,,,,,,
5/4/15,"502,645,380",1.035,,,,,,,,,,,,,,,,,,,,,,,,,,,
5/5/15,"502,645,380",1.035,,,,,,,,,,,,,,,,,,,,,,,,,,,
5/6/15,"502,645,380",1.035,,,,,,,,,,,,,,,,,,,,,,,,,,,
5/7/15,"502,645,380",1.035,,,,,,,,,,,,,,,,,,,,,,,,,,,
5/8/15,"502,645,380",1.035,,,,,,,,,,,,,,,,,,,,,,,,,,,
5/11/15,"502,645,380",1.035,,,,,,,,,,,,,,,,,,,,,,,,,,,
5/12/15,"502,645,380",1.035,,,,,,,,,,,,,,,,,,,,,,,,,,,
5/13/15,"502,645,380",1.035,,,,,,,,,,,,,,,,,,,,,,,,,,,
5/14/15,"502,645,380",1.035,,,,,,,,,,,,,,,,,,,,,,,,,,,
5/15/15,"502,645,380",1.035,,,,,,,,,,,,,,,,,,,,,,,,,,,
5/18/15,"502,645,380",1.035,,,,,,,,,,,,,,,,,,,,,,,,,,,
5/19/15,"502,645,380",1.035,,,,,,,,,,,,,,,,,,,,,,,,,,,
5/20/15,"502,645,380",1.035,,,,,,,,,,,,,,,,,,,,,,,,,,,
5/21/15,"502,645,380",1.035,,,,,,,,,,,,,,,,,,,,,,,,,,,
5/22/15,"502,645,380",1.035,,,,,,,,,,,,,,,,,,,,,,,,,,,
5/25/15,"502,645,380",1.035,,,,,,,,,,,,,,,,,,,,,,,,,,,
5/26/15,"502,645,380",1.035,,,,,,,,,,,,,,,,,,,,,,,,,,,
5/27/15,"502,645,380",1.035,,,,,,,,,,,,,,,,,,,,,,,,,,,
5/28/15,"502,645,380",1.035,,,,,,,,,,,,,,,,,,,,,,,,,,,
5/29/15,"502,645,380",1.035,,,,,,,,,,,,,,,,,,,,,,,,,,,
6/1/15,"502,645,380",1.035,,,,,,,,,,,,,,,,,,,,,,,,,,,
6/2/15,"502,645,380",1.035,,,,,,,,,,,,,,,,,,,,,,,,,,,
6/3/15,"502,645,380",1.035,,,,,,,,,,,,,,,,,,,,,,,,,,,
6/4/15,"502,645,380",1.035,,,,,,,,,,,,,,,,,,,,,,,,,,,
6/5/15,"502,645,380",1.035,,,,,,,,,,,,,,,,,,,,,,,,,,,
6/8/15,"502,645,380",1.035,,,,,,,,,,,,,,,,,,,,,,,,,,,
6/9/15,"502,645,380",1.035,,,,,,,,,,,,,,,,,,,,,,,,,,,
6/10/15,"502,645,380",1.035,,,,,,,,,,,,,,,,,,,,,,,,,,,
6/11/15,"502,645,380",1.035,,,,,,,,,,,,,,,,,,,,,,,,,,,
6/12/15,"502,645,380",1.035,,,,,,,,,,,,,,,,,,,,,,,,,,,
6/15/15,"502,645,380",1.035,,,,,,,,,,,,,,,,,,,,,,,,,,,
6/16/15,"502,645,380",1.035,,,,,,,,,,,,,,,,,,,,,,,,,,,
6/17/15,"502,645,380",1.035,,,,,,,,,,,,,,,,,,,,,,,,,,,
6/18/15,"502,645,380",1.035,,,,,,,,,,,,,,,,,,,,,,,,,,,
6/19/15,"502,645,380",1.035,,,,,,,,,,,,,,,,,,,,,,,,,,,
6/22/15,"502,645,380",1.035,,,,,,,,,,,,,,,,,,,,,,,,,,,
6/23/15,"502,645,380",1.035,,,,,,,,,,,,,,,,,,,,,,,,,,,
6/24/15,"502,645,380",1.035,,,,,,,,,,,,,,,,,,,,,,,,,,,
6/25/15,"502,645,380",1.035,,,,,,,,,,,,,,,,,,,,,,,,,,,
6/26/15,"502,645,380",1.035,,,,,,,,,,,,,,,,,,,,,,,,,,,
6/29/15,"502,645,380",1.035,,,,,,,,,,,,,,,,,,,,,,,,,,,
6/30/15,"502,645,380",1.035,,,,,,,,,,,,,,,,,,,,,,,,,,,
7/1/15,"502,645,380",1.035,,,,,,,,,,,,,,,,,,,,,,,,,,,
7/2/15,"502,645,380",1.035,,,,,,,,,,,,,,,,,,,,,,,,,,,
7/3/15,"502,645,380",1.035,,,,,,,,,,,,,,,,,,,,,,,,,,,
7/6/15,"502,645,380",1.035,,,,,,,,,,,,,,,,,,,,,,,,,,,
7/7/15,"502,645,380",1.035,,,,,,,,,,,,,,,,,,,,,,,,,,,
7/8/15,"502,645,380",1.035,,,,,,,,,,,,,,,,,,,,,,,,,,,
7/9/15,"502,645,380",1.035,,,,,,,,,,,,,,,,,,,,,,,,,,,
7/10/15,"502,645,380",1.035,,,,,,,,,,,,,,,,,,,,,,,,,,,
7/13/15,"502,645,380",1.035,,,,,,,,,,,,,,,,,,,,,,,,,,,
7/14/15,"502,645,380",1.035,,,,,,,,,,,,,,,,,,,,,,,,,,,
7/15/15,"502,645,380",1.035,,,,,,,,,,,,,,,,,,,,,,,,,,,
7/16/15,"502,645,380",1.035,,,,,,,,,,,,,,,,,,,,,,,,,,,
7/17/15,"502,645,380",1.035,,,,,,,,,,,,,,,,,,,,,,,,,,,
7/20/15,"502,645,380",1.035,,,,,,,,,,,,,,,,,,,,,,,,,,,
7/21/15,"502,645,380",1.035,,,,,,,,,,,,,,,,,,,,,,,,,,,
7/22/15,"502,645,380",1.035,,,,,,,,,,,,,,,,,,,,,,,,,,,
7/23/15,"502,645,380",1.035,,,,,,,,,,,,,,,,,,,,,,,,,,,
7/24/15,"502,645,380",1.035,,,,,,,,,,,,,,,,,,,,,,,,,,,
7/27/15,"502,645,380",1.035,,,,,,,,,,,,,,,,,,,,,,,,,,,
7/28/15,"502,645,380",1.035,,,,,,,,,,,,,,,,,,,,,,,,,,,
7/29/15,"502,645,380",1.035,,,,,,,,,,,,,,,,,,,,,,,,,,,
7/30/15,"502,645,380",1.035,,,,,,,,,,,,,,,,,,,,,,,,,,,
7/31/15,"502,645,380",1.035,,,,,,,,,,,,,,,,,,,,,,,,,,,
8/3/15,"502,645,380",1.035,,,,,,,,,,,,,,,,,,,,,,,,,,,
8/4/15,"502,645,380",1.035,,,,,,,,,,,,,,,,,,,,,,,,,,,
8/5/15,"502,645,380",1.035,,,,,,,,,,,,,,,,,,,,,,,,,,,
8/6/15,"502,645,380",1.035,,,,,,,,,,,,,,,,,,,,,,,,,,,
8/7/15,"502,645,380",1.035,,,,,,,,,,,,,,,,,,,,,,,,,,,
8/10/15,"502,645,380",1.035,,,,,,,,,,,,,,,,,,,,,,,,,,,
8/11/15,"502,645,380",1.035,,,,,,,,,,,,,,,,,,,,,,,,,,,
8/12/15,"502,645,380",1.035,,,,,,,,,,,,,,,,,,,,,,,,,,,
8/13/15,"502,645,380",1.035,,,,,,,,,,,,,,,,,,,,,,,,,,,
8/14/15,"502,645,380",1.035,,,,,,,,,,,,,,,,,,,,,,,,,,,
8/17/15,"502,645,380",1.035,,,,,,,,,,,,,,,,,,,,,,,,,,,
8/18/15,"502,645,380",1.035,,,,,,,,,,,,,,,,,,,,,,,,,,,
8/19/15,"502,645,380",1.035,,,,,,,,,,,,,,,,,,,,,,,,,,,
8/20/15,"502,645,380",1.035,,,,,,,,,,,,,,,,,,,,,,,,,,,
8/21/15,"502,645,380",1.035,,,,,,,,,,,,,,,,,,,,,,,,,,,
8/24/15,"502,645,380",1.035,,,,,,,,,,,,,,,,,,,,,,,,,,,
8/25/15,"502,645,380",1.035,,,,,,,,,,,,,,,,,,,,,,,,,,,
8/26/15,"502,645,380",1.035,,,,,,,,,,,,,,,,,,,,,,,,,,,
8/27/15,"502,645,380",1.035,,,,,,,,,,,,,,,,,,,,,,,,,,,
8/28/15,"502,645,380",1.035,,,,,,,,,,,,,,,,,,,,,,,,,,,
8/31/15,"502,645,380",1.035,,,,,,,,,,,,,,,,,,,,,,,,,,,
9/1/15,"502,645,380",1.035,,,,,,,,,,,,,,,,,,,,,,,,,,,
9/2/15,"502,645,380",1.035,,,,,,,,,,,,,,,,,,,,,,,,,,,
9/3/15,"502,645,380",1.035,,,,,,,,,,,,,,,,,,,,,,,,,,,
9/4/15,"502,645,380",1.035,,,,,,,,,,,,,,,,,,,,,,,,,,,
9/7/15,"502,645,380",1.035,,,,,,,,,,,,,,,,,,,,,,,,,,,
9/8/15,"502,645,380",1.035,,,,,,,,,,,,,,,,,,,,,,,,,,,
9/9/15,"502,645,380",1.035,,,,,,,,,,,,,,,,,,,,,,,,,,,
9/10/15,"502,645,380",1.035,,,,,,,,,,,,,,,,,,,,,,,,,,,
9/11/15,"502,645,380",1.035,,,,,,,,,,,,,,,,,,,,,,,,,,,
9/14/15,"502,645,380",1.035,,,,,,,,,,,,,,,,,,,,,,,,,,,
9/15/15,"502,645,380",1.035,,,,,,,,,,,,,,,,,,,,,,,,,,,
9/16/15,"502,645,380",1.035,,,,,,,,,,,,,,,,,,,,,,,,,,,
9/17/15,"502,645,380",1.035,,,,,,,,,,,,,,,,,,,,,,,,,,,
9/18/15,"502,645,380",1.035,,,,,,,,,,,,,,,,,,,,,,,,,,,
9/21/15,"502,645,380",1.035,,,,,,,,,,,,,,,,,,,,,,,,,,,
9/22/15,"502,645,380",1.035,,,,,,,,,,,,,,,,,,,,,,,,,,,
9/23/15,"502,645,380",1.035,,,,,,,,,,,,,,,,,,,,,,,,,,,
9/24/15,"502,645,380",1.035,,,,,,,,,,,,,,,,,,,,,,,,,,,
9/25/15,"502,645,380",1.035,,,,,,,,,,,,,,,,,,,,,,,,,,,
9/28/15,"502,645,380",1.035,,,,,,,,,,,,,,,,,,,,,,,,,,,
9/29/15,"502,645,380",1.035,,,,,,,,,,,,,,,,,,,,,,,,,,,
9/30/15,"502,645,380",1.035,,,,,,,,,,,,,,,,,,,,,,,,,,,
10/1/15,"502,645,380",1.035,,,,,,,,,,,,,,,,,,,,,,,,,,,
10/2/15,"502,645,380",1.035,,,,,,,,,,,,,,,,,,,,,,,,,,,
10/5/15,"502,645,380",1.035,,,,,,,,,,,,,,,,,,,,,,,,,,,
10/6/15,"502,645,380",1.035,,,,,,,,,,,,,,,,,,,,,,,,,,,
10/7/15,"502,645,380",1.035,,,,,,,,,,,,,,,,,,,,,,,,,,,
10/8/15,"502,645,380",1.035,,,,,,,,,,,,,,,,,,,,,,,,,,,
10/9/15,"502,645,380",1.035,,,,,,,,,,,,,,,,,,,,,,,,,,,
10/12/15,"502,645,380",1.035,,,,,,,,,,,,,,,,,,,,,,,,,,,
10/13/15,"502,645,380",1.035,,,,,,,,,,,,,,,,,,,,,,,,,,,
10/14/15,"502,645,380",1.035,,,,,,,,,,,,,,,,,,,,,,,,,,,
10/15/15,"502,645,380",1.035,,,,,,,,,,,,,,,,,,,,,,,,,,,
10/16/15,"502,645,380",1.035,,,,,,,,,,,,,,,,,,,,,,,,,,,
10/19/15,"502,645,380",1.035,,,,,,,,,,,,,,,,,,,,,,,,,,,
10/20/15,"502,645,380",1.035,,,,,,,,,,,,,,,,,,,,,,,,,,,
10/21/15,"502,645,380",1.035,,,,,,,,,,,,,,,,,,,,,,,,,,,
10/22/15,"502,645,380",1.035,,,,,,,,,,,,,,,,,,,,,,,,,,,
10/23/15,"502,645,380",1.035,,,,,,,,,,,,,,,,,,,,,,,,,,,
10/26/15,"502,645,380",1.035,,,,,,,,,,,,,,,,,,,,,,,,,,,
10/27/15,"502,645,380",1.035,,,,,,,,,,,,,,,,,,,,,,,,,,,
10/28/15,"502,645,380",1.035,,,,,,,,,,,,,,,,,,,,,,,,,,,
10/29/15,"502,645,380",1.035,,,,,,,,,,,,,,,,,,,,,,,,,,,
10/30/15,"502,645,380",1.035,,,,,,,,,,,,,,,,,,,,,,,,,,,
11/2/15,"502,645,380",1.035,,,,,,,,,,,,,,,,,,,,,,,,,,,
11/3/15,"502,645,380",1.035,,,,,,,,,,,,,,,,,,,,,,,,,,,
11/4/15,"502,645,380",1.035,,,,,,,,,,,,,,,,,,,,,,,,,,,
11/5/15,"502,645,380",1.035,,,,,,,,,,,,,,,,,,,,,,,,,,,
11/6/15,"502,645,380",1.035,,,,,,,,,,,,,,,,,,,,,,,,,,,
11/9/15,"502,645,380",1.035,,,,,,,,,,,,,,,,,,,,,,,,,,,
11/10/15,"502,645,380",1.035,,,,,,,,,,,,,,,,,,,,,,,,,,,
11/11/15,"502,645,380",1.035,,,,,,,,,,,,,,,,,,,,,,,,,,,
11/12/15,"502,645,380",1.035,,,,,,,,,,,,,,,,,,,,,,,,,,,
11/13/15,"502,645,380",1.035,,,,,,,,,,,,,,,,,,,,,,,,,,,
11/16/15,"502,645,380",1.035,,,,,,,,,,,,,,,,,,,,,,,,,,,
11/17/15,"502,645,380",1.035,,,,,,,,,,,,,,,,,,,,,,,,,,,
11/18/15,"502,645,380",1.035,,,,,,,,,,,,,,,,,,,,,,,,,,,
11/19/15,"502,645,380",1.035,,,,,,,,,,,,,,,,,,,,,,,,,,,
11/20/15,"502,645,380",1.035,,,,,,,,,,,,,,,,,,,,,,,,,,,
11/23/15,"502,645,380",1.035,,,,,,,,,,,,,,,,,,,,,,,,,,,
11/24/15,"502,645,380",1.035,,,,,,,,,,,,,,,,,,,,,,,,,,,
11/25/15,"502,645,380",1.035,,,,,,,,,,,,,,,,,,,,,,,,,,,
11/26/15,"502,645,380",1.035,,,,,,,,,,,,,,,,,,,,,,,,,,,
11/27/15,"502,645,380",1.035,,,,,,,,,,,,,,,,,,,,,,,,,,,
11/30/15,"502,645,380",1.035,,,,,,,,,,,,,,,,,,,,,,,,,,,
12/1/15,"502,645,380",1.035,,,,,,,,,,,,,,,,,,,,,,,,,,,
12/2/15,"502,645,380",1.035,,,,,,,,,,,,,,,,,,,,,,,,,,,
12/3/15,"502,645,380",1.035,,,,,,,,,,,,,,,,,,,,,,,,,,,
12/4/15,"502,645,380",1.035,,,,,,,,,,,,,,,,,,,,,,,,,,,
12/7/15,"502,645,380",1.035,,,,,,,,,,,,,,,,,,,,,,,,,,,
12/8/15,"502,645,380",1.035,,,,,,,,,,,,,,,,,,,,,,,,,,,
12/9/15,"502,645,380",1.035,,,,,,,,,,,,,,,,,,,,,,,,,,,
12/10/15,"502,645,380",1.035,,,,,,,,,,,,,,,,,,,,,,,,,,,
12/11/15,"502,645,380",1.035,,,,,,,,,,,,,,,,,,,,,,,,,,,
12/14/15,"502,645,380",1.035,,,,,,,,,,,,,,,,,,,,,,,,,,,
12/15/15,"502,645,380",1.035,,,,,,,,,,,,,,,,,,,,,,,,,,,
12/16/15,"502,645,380",1.035,,,,,,,,,,,,,,,,,,,,,,,,,,,
12/17/15,"502,645,380",1.035,,,,,,,,,,,,,,,,,,,,,,,,,,,
12/18/15,"502,645,380",1.035,,,,,,,,,,,,,,,,,,,,,,,,,,,
12/21/15,"502,645,380",1.035,,,,,,,,,,,,,,,,,,,,,,,,,,,
12/22/15,"502,645,380",1.035,,,,,,,,,,,,,,,,,,,,,,,,,,,
12/23/15,"502,645,380",1.035,,,,,,,,,,,,,,,,,,,,,,,,,,,
12/24/15,"502,645,380",1.035,,,,,,,,,,,,,,,,,,,,,,,,,,,
12/25/15,"502,645,380",1.035,,,,,,,,,,,,,,,,,,,,,,,,,,,
12/28/15,"502,645,380",1.035,,,,,,,,,,,,,,,,,,,,,,,,,,,
12/29/15,"502,645,380",1.035,,,,,,,,,,,,,,,,,,,,,,,,,,,
12/30/15,"502,645,380",1.035,,,,,,,,,,,,,,,,,,,,,,,,,,,
12/31/15,"796,144,800",1.95,,,,,,,,,,,,,,,,,,,,,,,,,,,
1/1/16,"796,144,800",1.95,,,,,,,,,,,,,,,,,,,,,,,,,,,
1/4/16,"796,144,800",1.95,,,,,,,,,,,,,,,,,,,,,,,,,,,
1/5/16,"796,144,800",1.95,,,,,,,,,,,,,,,,,,,,,,,,,,,
1/6/16,"796,144,800",1.95,,,,,,,,,,,,,,,,,,,,,,,,,,,
1/7/16,"796,144,800",1.95,,,,,,,,,,,,,,,,,,,,,,,,,,,
1/8/16,"796,144,800",1.95,,,,,,,,,,,,,,,,,,,,,,,,,,,
1/11/16,"796,144,800",1.95,,,,,,,,,,,,,,,,,,,,,,,,,,,
1/12/16,"796,144,800",1.95,,,,,,,,,,,,,,,,,,,,,,,,,,,
1/13/16,"796,144,800",1.95,,,,,,,,,,,,,,,,,,,,,,,,,,,
1/14/16,"796,144,800",1.95,,,,,,,,,,,,,,,,,,,,,,,,,,,
1/15/16,"796,144,800",1.95,,,,,,,,,,,,,,,,,,,,,,,,,,,
1/18/16,"796,144,800",1.95,,,,,,,,,,,,,,,,,,,,,,,,,,,
1/19/16,"796,144,800",1.95,,,,,,,,,,,,,,,,,,,,,,,,,,,
1/20/16,"796,144,800",1.95,,,,,,,,,,,,,,,,,,,,,,,,,,,
1/21/16,"796,144,800",1.95,,,,,,,,,,,,,,,,,,,,,,,,,,,
1/22/16,"796,144,800",1.95,,,,,,,,,,,,,,,,,,,,,,,,,,,
1/25/16,"796,144,800",1.95,,,,,,,,,,,,,,,,,,,,,,,,,,,
1/26/16,"796,144,800",1.95,,,,,,,,,,,,,,,,,,,,,,,,,,,
1/27/16,"796,144,800",1.95,,,,,,,,,,,,,,,,,,,,,,,,,,,
1/28/16,"796,144,800",1.95,,,,,,,,,,,,,,,,,,,,,,,,,,,
1/29/16,"796,144,800",1.95,,,,,,,,,,,,,,,,,,,,,,,,,,,
2/1/16,"796,144,800",1.95,,,,,,,,,,,,,,,,,,,,,,,,,,,
2/2/16,"796,144,800",1.95,,,,,,,,,,,,,,,,,,,,,,,,,,,
2/3/16,"796,144,800",1.95,,,,,,,,,,,,,,,,,,,,,,,,,,,
2/4/16,"796,144,800",1.95,,,,,,,,,,,,,,,,,,,,,,,,,,,
2/5/16,"796,144,800",1.95,,,,,,,,,,,,,,,,,,,,,,,,,,,
2/8/16,"796,144,800",1.95,,,,,,,,,,,,,,,,,,,,,,,,,,,
2/9/16,"796,144,800",1.95,,,,,,,,,,,,,,,,,,,,,,,,,,,
2/10/16,"796,144,800",1.95,,,,,,,,,,,,,,,,,,,,,,,,,,,
2/11/16,"796,144,800",1.95,,,,,,,,,,,,,,,,,,,,,,,,,,,
2/12/16,"796,144,800",1.95,,,,,,,,,,,,,,,,,,,,,,,,,,,
2/15/16,"796,144,800",1.95,,,,,,,,,,,,,,,,,,,,,,,,,,,
2/16/16,"796,144,800",1.95,,,,,,,,,,,,,,,,,,,,,,,,,,,
2/17/16,"796,144,800",1.95,,,,,,,,,,,,,,,,,,,,,,,,,,,
2/18/16,"796,144,800",1.95,,,,,,,,,,,,,,,,,,,,,,,,,,,
2/19/16,"796,144,800",1.95,,,,,,,,,,,,,,,,,,,,,,,,,,,
2/22/16,"796,144,800",1.95,,,,,,,,,,,,,,,,,,,,,,,,,,,
2/23/16,"796,144,800",1.95,,,,,,,,,,,,,,,,,,,,,,,,,,,
2/24/16,"796,144,800",1.95,,,,,,,,,,,,,,,,,,,,,,,,,,,
2/25/16,"796,144,800",1.95,,,,,,,,,,,,,,,,,,,,,,,,,,,
2/26/16,"796,144,800",1.95,,,,,,,,,,,,,,,,,,,,,,,,,,,
2/29/16,"796,144,800",1.95,,,,,,,,,,,,,,,,,,,,,,,,,,,
3/1/16,"796,144,800",1.95,,,,,,,,,,,,,,,,,,,,,,,,,,,
3/2/16,"796,144,800",1.95,,,,,,,,,,,,,,,,,,,,,,,,,,,
3/3/16,"796,144,800",1.95,,,,,,,,,,,,,,,,,,,,,,,,,,,
3/4/16,"796,144,800",1.95,,,,,,,,,,,,,,,,,,,,,,,,,,,
3/7/16,"796,144,800",1.95,,,,,,,,,,,,,,,,,,,,,,,,,,,
3/8/16,"796,144,800",1.95,,,,,,,,,,,,,,,,,,,,,,,,,,,
3/9/16,"796,144,800",1.95,,,,,,,,,,,,,,,,,,,,,,,,,,,
3/10/16,"796,144,800",1.95,,,,,,,,,,,,,,,,,,,,,,,,,,,
3/11/16,"796,144,800",1.95,,,,,,,,,,,,,,,,,,,,,,,,,,,
3/14/16,"796,144,800",1.95,,,,,,,,,,,,,,,,,,,,,,,,,,,
3/15/16,"796,144,800",1.95,,,,,,,,,,,,,,,,,,,,,,,,,,,
3/16/16,"796,144,800",1.95,,,,,,,,,,,,,,,,,,,,,,,,,,,
3/17/16,"796,144,800",1.95,,,,,,,,,,,,,,,,,,,,,,,,,,,
3/18/16,"796,144,800",1.95,,,,,,,,,,,,,,,,,,,,,,,,,,,
3/21/16,"796,144,800",1.95,,,,,,,,,,,,,,,,,,,,,,,,,,,
3/22/16,"796,144,800",1.95,,,,,,,,,,,,,,,,,,,,,,,,,,,
3/23/16,"796,144,800",1.95,,,,,,,,,,,,,,,,,,,,,,,,,,,
3/24/16,"796,144,800",1.95,,,,,,,,,,,,,,,,,,,,,,,,,,,
3/25/16,"796,144,800",1.95,,,,,,,,,,,,,,,,,,,,,,,,,,,
3/28/16,"796,144,800",1.95,,,,,,,,,,,,,,,,,,,,,,,,,,,
3/29/16,"796,144,800",1.95,,,,,,,,,,,,,,,,,,,,,,,,,,,
3/30/16,"796,144,800",1.95,,,,,,,,,,,,,,,,,,,,,,,,,,,
3/31/16,"796,144,800",1.95,,,,,,,,,,,,,,,,,,,,,,,,,,,
4/1/16,"796,144,800",1.95,,,,,,,,,,,,,,,,,,,,,,,,,,,
4/4/16,"796,144,800",1.95,,,,,,,,,,,,,,,,,,,,,,,,,,,
4/5/16,"796,144,800",1.95,,,,,,,,,,,,,,,,,,,,,,,,,,,
4/6/16,"796,144,800",1.95,,,,,,,,,,,,,,,,,,,,,,,,,,,
4/7/16,"796,144,800",1.95,,,,,,,,,,,,,,,,,,,,,,,,,,,
4/8/16,"796,144,800",1.95,,,,,,,,,,,,,,,,,,,,,,,,,,,
4/11/16,"796,144,800",1.95,,,,,,,,,,,,,,,,,,,,,,,,,,,
4/12/16,"796,144,800",1.95,,,,,,,,,,,,,,,,,,,,,,,,,,,
4/13/16,"796,144,800",1.95,,,,,,,,,,,,,,,,,,,,,,,,,,,
4/14/16,"796,144,800",1.95,,,,,,,,,,,,,,,,,,,,,,,,,,,
4/15/16,"796,144,800",1.95,,,,,,,,,,,,,,,,,,,,,,,,,,,
4/18/16,"796,144,800",1.95,,,,,,,,,,,,,,,,,,,,,,,,,,,
4/19/16,"796,144,800",1.95,,,,,,,,,,,,,,,,,,,,,,,,,,,
4/20/16,"796,144,800",1.95,,,,,,,,,,,,,,,,,,,,,,,,,,,
4/21/16,"796,144,800",1.95,,,,,,,,,,,,,,,,,,,,,,,,,,,
4/22/16,"796,144,800",1.95,,,,,,,,,,,,,,,,,,,,,,,,,,,
4/25/16,"796,144,800",1.95,,,,,,,,,,,,,,,,,,,,,,,,,,,
4/26/16,"796,144,800",1.95,,,,,,,,,,,,,,,,,,,,,,,,,,,
4/27/16,"796,144,800",1.95,,,,,,,,,,,,,,,,,,,,,,,,,,,
4/28/16,"796,144,800",1.95,,,,,,,,,,,,,,,,,,,,,,,,,,,
4/29/16,"796,144,800",1.95,,,,,,,,,,,,,,,,,,,,,,,,,,,
5/2/16,"796,144,800",1.95,,,,,,,,,,,,,,,,,,,,,,,,,,,
5/3/16,"796,144,800",1.95,,,,,,,,,,,,,,,,,,,,,,,,,,,
5/4/16,"796,144,800",1.95,,,,,,,,,,,,,,,,,,,,,,,,,,,
5/5/16,"796,144,800",1.95,,,,,,,,,,,,,,,,,,,,,,,,,,,
5/6/16,"796,144,800",1.95,,,,,,,,,,,,,,,,,,,,,,,,,,,
5/9/16,"796,144,800",1.95,,,,,,,,,,,,,,,,,,,,,,,,,,,
5/10/16,"796,144,800",1.95,,,,,,,,,,,,,,,,,,,,,,,,,,,
5/11/16,"796,144,800",1.95,,,,,,,,,,,,,,,,,,,,,,,,,,,
5/12/16,"796,144,800",1.95,,,,,,,,,,,,,,,,,,,,,,,,,,,
5/13/16,"796,144,800",1.95,,,,,,,,,,,,,,,,,,,,,,,,,,,
5/16/16,"796,144,800",1.95,,,,,,,,,,,,,,,,,,,,,,,,,,,
5/17/16,"796,144,800",1.95,,,,,,,,,,,,,,,,,,,,,,,,,,,
5/18/16,"796,144,800",1.95,,,,,,,,,,,,,,,,,,,,,,,,,,,
5/19/16,"796,144,800",1.95,,,,,,,,,,,,,,,,,,,,,,,,,,,
5/20/16,"796,144,800",1.95,,,,,,,,,,,,,,,,,,,,,,,,,,,
5/23/16,"796,144,800",1.95,,,,,,,,,,,,,,,,,,,,,,,,,,,
5/24/16,"796,144,800",1.95,,,,,,,,,,,,,,,,,,,,,,,,,,,
5/25/16,"796,144,800",1.95,,,,,,,,,,,,,,,,,,,,,,,,,,,
5/26/16,"796,144,800",1.95,,,,,,,,,,,,,,,,,,,,,,,,,,,
5/27/16,"796,144,800",1.95,,,,,,,,,,,,,,,,,,,,,,,,,,,
5/30/16,"796,144,800",1.95,,,,,,,,,,,,,,,,,,,,,,,,,,,
5/31/16,"796,144,800",1.95,,,,,,,,,,,,,,,,,,,,,,,,,,,
6/1/16,"796,144,800",1.95,,,,,,,,,,,,,,,,,,,,,,,,,,,
6/2/16,"796,144,800",1.95,,,,,,,,,,,,,,,,,,,,,,,,,,,
6/3/16,"796,144,800",1.95,,,,,,,,,,,,,,,,,,,,,,,,,,,
6/6/16,"796,144,800",1.95,,,,,,,,,,,,,,,,,,,,,,,,,,,
6/7/16,"796,144,800",1.95,,,,,,,,,,,,,,,,,,,,,,,,,,,
6/8/16,"796,144,800",1.95,,,,,,,,,,,,,,,,,,,,,,,,,,,
6/9/16,"796,144,800",1.95,,,,,,,,,,,,,,,,,,,,,,,,,,,
6/10/16,"796,144,800",1.95,,,,,,,,,,,,,,,,,,,,,,,,,,,
6/13/16,"796,144,800",1.95,,,,,,,,,,,,,,,,,,,,,,,,,,,
6/14/16,"796,144,800",1.95,,,,,,,,,,,,,,,,,,,,,,,,,,,
6/15/16,"796,144,800",1.95,,,,,,,,,,,,,,,,,,,,,,,,,,,
6/16/16,"796,144,800",1.95,,,,,,,,,,,,,,,,,,,,,,,,,,,
6/17/16,"796,144,800",1.95,,,,,,,,,,,,,,,,,,,,,,,,,,,
6/20/16,"796,144,800",1.95,,,,,,,,,,,,,,,,,,,,,,,,,,,
6/21/16,"796,144,800",1.95,,,,,,,,,,,,,,,,,,,,,,,,,,,
6/22/16,"796,144,800",1.95,,,,,,,,,,,,,,,,,,,,,,,,,,,
6/23/16,"796,144,800",1.95,,,,,,,,,,,,,,,,,,,,,,,,,,,
6/24/16,"796,144,800",1.95,,,,,,,,,,,,,,,,,,,,,,,,,,,
6/27/16,"796,144,800",1.95,,,,,,,,,,,,,,,,,,,,,,,,,,,
6/28/16,"796,144,800",1.95,,,,,,,,,,,,,,,,,,,,,,,,,,,
6/29/16,"796,144,800",1.95,,,,,,,,,,,,,,,,,,,,,,,,,,,
6/30/16,"796,144,800",1.95,,,,,,,,,,,,,,,,,,,,,,,,,,,
7/1/16,"796,144,800",1.95,,,,,,,,,,,,,,,,,,,,,,,,,,,
7/4/16,"796,144,800",1.95,,,,,,,,,,,,,,,,,,,,,,,,,,,
7/5/16,"796,144,800",1.95,,,,,,,,,,,,,,,,,,,,,,,,,,,
7/6/16,"796,144,800",1.95,,,,,,,,,,,,,,,,,,,,,,,,,,,
7/7/16,"796,144,800",1.95,,,,,,,,,,,,,,,,,,,,,,,,,,,
7/8/16,"796,144,800",1.95,,,,,,,,,,,,,,,,,,,,,,,,,,,
7/11/16,"796,144,800",1.95,,,,,,,,,,,,,,,,,,,,,,,,,,,
7/12/16,"796,144,800",1.95,,,,,,,,,,,,,,,,,,,,,,,,,,,
7/13/16,"796,144,800",1.95,,,,,,,,,,,,,,,,,,,,,,,,,,,
7/14/16,"796,144,800",1.95,,,,,,,,,,,,,,,,,,,,,,,,,,,
7/15/16,"796,144,800",1.95,,,,,,,,,,,,,,,,,,,,,,,,,,,
7/18/16,"796,144,800",1.95,,,,,,,,,,,,,,,,,,,,,,,,,,,
7/19/16,"796,144,800",1.95,,,,,,,,,,,,,,,,,,,,,,,,,,,
7/20/16,"796,144,800",1.95,,,,,,,,,,,,,,,,,,,,,,,,,,,
7/21/16,"796,144,800",1.95,,,,,,,,,,,,,,,,,,,,,,,,,,,
7/22/16,"796,144,800",1.95,,,,,,,,,,,,,,,,,,,,,,,,,,,
7/25/16,"796,144,800",1.95,,,,,,,,,,,,,,,,,,,,,,,,,,,
7/26/16,"796,144,800",1.95,,,,,,,,,,,,,,,,,,,,,,,,,,,
7/27/16,"796,144,800",1.95,,,,,,,,,,,,,,,,,,,,,,,,,,,
7/28/16,"796,144,800",1.95,,,,,,,,,,,,,,,,,,,,,,,,,,,
7/29/16,"796,144,800",1.95,,,,,,,,,,,,,,,,,,,,,,,,,,,
8/1/16,"796,144,800",1.95,,,,,,,,,,,,,,,,,,,,,,,,,,,
8/2/16,"796,144,800",1.95,,,,,,,,,,,,,,,,,,,,,,,,,,,
8/3/16,"796,144,800",1.95,,,,,,,,,,,,,,,,,,,,,,,,,,,
8/4/16,"796,144,800",1.95,,,,,,,,,,,,,,,,,,,,,,,,,,,
8/5/16,"796,144,800",1.95,,,,,,,,,,,,,,,,,,,,,,,,,,,
8/8/16,"796,144,800",1.95,,,,,,,,,,,,,,,,,,,,,,,,,,,
8/9/16,"796,144,800",1.95,,,,,,,,,,,,,,,,,,,,,,,,,,,
8/10/16,"796,144,800",1.95,,,,,,,,,,,,,,,,,,,,,,,,,,,
8/11/16,"796,144,800",1.95,,,,,,,,,,,,,,,,,,,,,,,,,,,
8/12/16,"796,144,800",1.95,,,,,,,,,,,,,,,,,,,,,,,,,,,
8/15/16,"796,144,800",1.95,,,,,,,,,,,,,,,,,,,,,,,,,,,
8/16/16,"796,144,800",1.95,,,,,,,,,,,,,,,,,,,,,,,,,,,
8/17/16,"796,144,800",1.95,,,,,,,,,,,,,,,,,,,,,,,,,,,
8/18/16,"796,144,800",1.95,,,,,,,,,,,,,,,,,,,,,,,,,,,
8/19/16,"796,144,800",1.95,,,,,,,,,,,,,,,,,,,,,,,,,,,
8/22/16,"796,144,800",1.95,,,,,,,,,,,,,,,,,,,,,,,,,,,
8/23/16,"796,144,800",1.95,,,,,,,,,,,,,,,,,,,,,,,,,,,
8/24/16,"796,144,800",1.95,,,,,,,,,,,,,,,,,,,,,,,,,,,
8/25/16,"796,144,800",1.95,,,,,,,,,,,,,,,,,,,,,,,,,,,
8/26/16,"796,144,800",1.95,,,,,,,,,,,,,,,,,,,,,,,,,,,
8/29/16,"796,144,800",1.95,,,,,,,,,,,,,,,,,,,,,,,,,,,
8/30/16,"796,144,800",1.95,,,,,,,,,,,,,,,,,,,,,,,,,,,
8/31/16,"796,144,800",1.95,,,,,,,,,,,,,,,,,,,,,,,,,,,
9/1/16,"796,144,800",1.95,,,,,,,,,,,,,,,,,,,,,,,,,,,
9/2/16,"796,144,800",1.95,,,,,,,,,,,,,,,,,,,,,,,,,,,
9/5/16,"796,144,800",1.95,,,,,,,,,,,,,,,,,,,,,,,,,,,
9/6/16,"796,144,800",1.95,,,,,,,,,,,,,,,,,,,,,,,,,,,
9/7/16,"796,144,800",1.95,,,,,,,,,,,,,,,,,,,,,,,,,,,
9/8/16,"796,144,800",1.95,,,,,,,,,,,,,,,,,,,,,,,,,,,
9/9/16,"796,144,800",1.95,,,,,,,,,,,,,,,,,,,,,,,,,,,
9/12/16,"796,144,800",1.95,,,,,,,,,,,,,,,,,,,,,,,,,,,
9/13/16,"796,144,800",1.95,,,,,,,,,,,,,,,,,,,,,,,,,,,
9/14/16,"796,144,800",1.95,,,,,,,,,,,,,,,,,,,,,,,,,,,
9/15/16,"796,144,800",1.95,,,,,,,,,,,,,,,,,,,,,,,,,,,
9/16/16,"796,144,800",1.95,,,,,,,,,,,,,,,,,,,,,,,,,,,
9/19/16,"796,144,800",1.95,,,,,,,,,,,,,,,,,,,,,,,,,,,
9/20/16,"796,144,800",1.95,,,,,,,,,,,,,,,,,,,,,,,,,,,
9/21/16,"796,144,800",1.95,,,,,,,,,,,,,,,,,,,,,,,,,,,
9/22/16,"796,144,800",1.95,,,,,,,,,,,,,,,,,,,,,,,,,,,
9/23/16,"796,144,800",1.95,,,,,,,,,,,,,,,,,,,,,,,,,,,
9/26/16,"796,144,800",1.95,,,,,,,,,,,,,,,,,,,,,,,,,,,
9/27/16,"796,144,800",1.95,,,,,,,,,,,,,,,,,,,,,,,,,,,
9/28/16,"796,144,800",1.95,,,,,,,,,,,,,,,,,,,,,,,,,,,
9/29/16,"796,144,800",1.95,,,,,,,,,,,,,,,,,,,,,,,,,,,
9/30/16,"796,144,800",1.95,,,,,,,,,,,,,,,,,,,,,,,,,,,
10/3/16,"796,144,800",1.95,,,,,,,,,,,,,,,,,,,,,,,,,,,
10/4/16,"796,144,800",1.95,,,,,,,,,,,,,,,,,,,,,,,,,,,
10/5/16,"796,144,800",1.95,,,,,,,,,,,,,,,,,,,,,,,,,,,
10/6/16,"796,144,800",1.95,,,,,,,,,,,,,,,,,,,,,,,,,,,
10/7/16,"796,144,800",1.95,,,,,,,,,,,,,,,,,,,,,,,,,,,
10/10/16,"796,144,800",1.95,,,,,,,,,,,,,,,,,,,,,,,,,,,
10/11/16,"796,144,800",1.95,,,,,,,,,,,,,,,,,,,,,,,,,,,
10/12/16,"796,144,800",1.95,,,,,,,,,,,,,,,,,,,,,,,,,,,
10/13/16,"796,144,800",1.95,,,,,,,,,,,,,,,,,,,,,,,,,,,
10/14/16,"796,144,800",1.95,,,,,,,,,,,,,,,,,,,,,,,,,,,
10/17/16,"796,144,800",1.95,,,,,,,,,,,,,,,,,,,,,,,,,,,
10/18/16,"796,144,800",1.95,,,,,,,,,,,,,,,,,,,,,,,,,,,
10/19/16,"796,144,800",1.95,,,,,,,,,,,,,,,,,,,,,,,,,,,
10/20/16,"796,144,800",1.95,,,,,,,,,,,,,,,,,,,,,,,,,,,
10/21/16,"796,144,800",1.95,,,,,,,,,,,,,,,,,,,,,,,,,,,
10/24/16,"796,144,800",1.95,,,,,,,,,,,,,,,,,,,,,,,,,,,
10/25/16,"796,144,800",1.95,,,,,,,,,,,,,,,,,,,,,,,,,,,
10/26/16,"796,144,800",1.95,,,,,,,,,,,,,,,,,,,,,,,,,,,
10/27/16,"796,144,800",1.95,,,,,,,,,,,,,,,,,,,,,,,,,,,
10/28/16,"796,144,800",1.95,,,,,,,,,,,,,,,,,,,,,,,,,,,
10/31/16,"796,144,800",1.95,,,,,,,,,,,,,,,,,,,,,,,,,,,
11/1/16,"796,144,800",1.95,,,,,,,,,,,,,,,,,,,,,,,,,,,
11/2/16,"796,144,800",1.95,,,,,,,,,,,,,,,,,,,,,,,,,,,
11/3/16,"796,144,800",1.95,,,,,,,,,,,,,,,,,,,,,,,,,,,
11/4/16,"796,144,800",1.95,,,,,,,,,,,,,,,,,,,,,,,,,,,
11/7/16,"796,144,800",1.95,,,,,,,,,,,,,,,,,,,,,,,,,,,
11/8/16,"796,144,800",1.95,,,,,,,,,,,,,,,,,,,,,,,,,,,
11/9/16,"796,144,800",1.95,,,,,,,,,,,,,,,,,,,,,,,,,,,
11/10/16,"796,144,800",1.95,,,,,,,,,,,,,,,,,,,,,,,,,,,
11/11/16,"796,144,800",1.95,,,,,,,,,,,,,,,,,,,,,,,,,,,
11/14/16,"796,144,800",1.95,,,,,,,,,,,,,,,,,,,,,,,,,,,
11/15/16,"796,144,800",1.95,,,,,,,,,,,,,,,,,,,,,,,,,,,
11/16/16,"796,144,800",1.95,,,,,,,,,,,,,,,,,,,,,,,,,,,
11/17/16,"796,144,800",1.95,,,,,,,,,,,,,,,,,,,,,,,,,,,
11/18/16,"796,144,800",1.95,,,,,,,,,,,,,,,,,,,,,,,,,,,
11/21/16,"796,144,800",1.95,,,,,,,,,,,,,,,,,,,,,,,,,,,
11/22/16,"796,144,800",1.95,,,,,,,,,,,,,,,,,,,,,,,,,,,
11/23/16,"796,144,800",1.95,,,,,,,,,,,,,,,,,,,,,,,,,,,
11/24/16,"796,144,800",1.95,,,,,,,,,,,,,,,,,,,,,,,,,,,
11/25/16,"796,144,800",1.95,,,,,,,,,,,,,,,,,,,,,,,,,,,
11/28/16,"796,144,800",1.95,,,,,,,,,,,,,,,,,,,,,,,,,,,
11/29/16,"796,144,800",1.95,,,,,,,,,,,,,,,,,,,,,,,,,,,
11/30/16,"796,144,800",1.95,,,,,,,,,,,,,,,,,,,,,,,,,,,
12/1/16,"796,144,800",1.95,,,,,,,,,,,,,,,,,,,,,,,,,,,
12/2/16,"796,144,800",1.95,,,,,,,,,,,,,,,,,,,,,,,,,,,
12/5/16,"796,144,800",1.95,,,,,,,,,,,,,,,,,,,,,,,,,,,
12/6/16,"796,144,800",1.95,,,,,,,,,,,,,,,,,,,,,,,,,,,
12/7/16,"796,144,800",1.95,,,,,,,,,,,,,,,,,,,,,,,,,,,
12/8/16,"796,144,800",1.95,,,,,,,,,,,,,,,,,,,,,,,,,,,
12/9/16,"796,144,800",1.95,,,,,,,,,,,,,,,,,,,,,,,,,,,
12/12/16,"796,144,800",1.95,,,,,,,,,,,,,,,,,,,,,,,,,,,
12/13/16,"796,144,800",1.95,,,,,,,,,,,,,,,,,,,,,,,,,,,
12/14/16,"796,144,800",1.95,,,,,,,,,,,,,,,,,,,,,,,,,,,
12/15/16,"796,144,800",1.95,,,,,,,,,,,,,,,,,,,,,,,,,,,
12/16/16,"796,144,800",1.95,,,,,,,,,,,,,,,,,,,,,,,,,,,
12/19/16,"796,144,800",1.95,,,,,,,,,,,,,,,,,,,,,,,,,,,
12/20/16,"796,144,800",1.95,,,,,,,,,,,,,,,,,,,,,,,,,,,
12/21/16,"796,144,800",1.95,,,,,,,,,,,,,,,,,,,,,,,,,,,
12/22/16,"796,144,800",1.95,,,,,,,,,,,,,,,,,,,,,,,,,,,
12/23/16,"796,144,800",1.95,,,,,,,,,,,,,,,,,,,,,,,,,,,
12/26/16,"796,144,800",1.95,,,,,,,,,,,,,,,,,,,,,,,,,,,
12/27/16,"796,144,800",1.95,,,,,,,,,,,,,,,,,,,,,,,,,,,
12/28/16,"796,144,800",1.95,,,,,,,,,,,,,,,,,,,,,,,,,,,
12/29/16,"796,144,800",1.95,,,,,,,,,,,,,,,,,,,,,,,,,,,
12/30/16,"796,144,800",1.95,,,,,,,,,,,,,,,,,,,,,,,,,,,
1/2/17,"1,313,089,012",2.798,,,,,,,,,,,,,,,,,,,,,,,,,,,
1/3/17,"1,313,089,012",2.798,,,,,,,,,,,,,,,,,,,,,,,,,,,
1/4/17,"1,313,089,012",2.798,,,,,,,,,,,,,,,,,,,,,,,,,,,
1/5/17,"1,313,089,012",2.798,,,,,,,,,,,,,,,,,,,,,,,,,,,
1/6/17,"1,313,089,012",2.798,,,,,,,,,,,,,,,,,,,,,,,,,,,
1/9/17,"1,313,089,012",2.798,,,,,,,,,,,,,,,,,,,,,,,,,,,
1/10/17,"1,313,089,012",2.798,,,,,,,,,,,,,,,,,,,,,,,,,,,
1/11/17,"1,313,089,012",2.798,,,,,,,,,,,,,,,,,,,,,,,,,,,
1/12/17,"1,313,089,012",2.798,,,,,,,,,,,,,,,,,,,,,,,,,,,
1/13/17,"1,313,089,012",2.798,,,,,,,,,,,,,,,,,,,,,,,,,,,
1/16/17,"1,313,089,012",2.798,,,,,,,,,,,,,,,,,,,,,,,,,,,
1/17/17,"1,313,089,012",2.798,,,,,,,,,,,,,,,,,,,,,,,,,,,
1/18/17,"1,313,089,012",2.798,,,,,,,,,,,,,,,,,,,,,,,,,,,
1/19/17,"1,313,089,012",2.798,,,,,,,,,,,,,,,,,,,,,,,,,,,
1/20/17,"1,313,089,012",2.798,,,,,,,,,,,,,,,,,,,,,,,,,,,
1/23/17,"1,313,089,012",2.798,,,,,,,,,,,,,,,,,,,,,,,,,,,
1/24/17,"1,313,089,012",2.798,,,,,,,,,,,,,,,,,,,,,,,,,,,
1/25/17,"1,313,089,012",2.798,,,,,,,,,,,,,,,,,,,,,,,,,,,
1/26/17,"1,313,089,012",2.798,,,,,,,,,,,,,,,,,,,,,,,,,,,
1/27/17,"1,313,089,012",2.798,,,,,,,,,,,,,,,,,,,,,,,,,,,
1/30/17,"1,313,089,012",2.798,,,,,,,,,,,,,,,,,,,,,,,,,,,
1/31/17,"1,313,089,012",2.798,,,,,,,,,,,,,,,,,,,,,,,,,,,
2/1/17,"1,313,089,012",2.798,,,,,,,,,,,,,,,,,,,,,,,,,,,
2/2/17,"1,313,089,012",2.798,,,,,,,,,,,,,,,,,,,,,,,,,,,
2/3/17,"1,313,089,012",2.798,,,,,,,,,,,,,,,,,,,,,,,,,,,
2/6/17,"1,313,089,012",2.798,,,,,,,,,,,,,,,,,,,,,,,,,,,
2/7/17,"1,313,089,012",2.798,,,,,,,,,,,,,,,,,,,,,,,,,,,
2/8/17,"1,313,089,012",2.798,,,,,,,,,,,,,,,,,,,,,,,,,,,
2/9/17,"1,313,089,012",2.798,,,,,,,,,,,,,,,,,,,,,,,,,,,
2/10/17,"1,313,089,012",2.798,,,,,,,,,,,,,,,,,,,,,,,,,,,
2/13/17,"1,313,089,012",2.798,,,,,,,,,,,,,,,,,,,,,,,,,,,
2/14/17,"1,313,089,012",2.798,,,,,,,,,,,,,,,,,,,,,,,,,,,
2/15/17,"1,313,089,012",2.798,,,,,,,,,,,,,,,,,,,,,,,,,,,
2/16/17,"1,313,089,012",2.798,,,,,,,,,,,,,,,,,,,,,,,,,,,
2/17/17,"1,313,089,012",2.798,,,,,,,,,,,,,,,,,,,,,,,,,,,
2/20/17,"1,313,089,012",2.798,,,,,,,,,,,,,,,,,,,,,,,,,,,
2/21/17,"1,313,089,012",2.798,,,,,,,,,,,,,,,,,,,,,,,,,,,
2/22/17,"1,313,089,012",2.798,,,,,,,,,,,,,,,,,,,,,,,,,,,
2/23/17,"1,313,089,012",2.798,,,,,,,,,,,,,,,,,,,,,,,,,,,
2/24/17,"1,313,089,012",2.798,,,,,,,,,,,,,,,,,,,,,,,,,,,
2/27/17,"1,313,089,012",2.798,,,,,,,,,,,,,,,,,,,,,,,,,,,
2/28/17,"1,313,089,012",2.798,,,,,,,,,,,,,,,,,,,,,,,,,,,
3/1/17,"1,313,089,012",2.798,,,,,,,,,,,,,,,,,,,,,,,,,,,
3/2/17,"1,313,089,012",2.798,,,,,,,,,,,,,,,,,,,,,,,,,,,
3/3/17,"1,313,089,012",2.798,,,,,,,,,,,,,,,,,,,,,,,,,,,
3/6/17,"1,313,089,012",2.798,,,,,,,,,,,,,,,,,,,,,,,,,,,
3/7/17,"1,313,089,012",2.798,,,,,,,,,,,,,,,,,,,,,,,,,,,
3/8/17,"1,313,089,012",2.798,,,,,,,,,,,,,,,,,,,,,,,,,,,
3/9/17,"1,313,089,012",2.798,,,,,,,,,,,,,,,,,,,,,,,,,,,
3/10/17,"1,313,089,012",2.798,,,,,,,,,,,,,,,,,,,,,,,,,,,
3/13/17,"1,313,089,012",2.798,,,,,,,,,,,,,,,,,,,,,,,,,,,
3/14/17,"1,313,089,012",2.798,,,,,,,,,,,,,,,,,,,,,,,,,,,
3/15/17,"1,313,089,012",2.798,,,,,,,,,,,,,,,,,,,,,,,,,,,
3/16/17,"1,313,089,012",2.798,,,,,,,,,,,,,,,,,,,,,,,,,,,
3/17/17,"1,313,089,012",2.798,,,,,,,,,,,,,,,,,,,,,,,,,,,
3/20/17,"1,313,089,012",2.798,,,,,,,,,,,,,,,,,,,,,,,,,,,
3/21/17,"1,313,089,012",2.798,,,,,,,,,,,,,,,,,,,,,,,,,,,
3/22/17,"1,313,089,012",2.798,,,,,,,,,,,,,,,,,,,,,,,,,,,
3/23/17,"1,313,089,012",2.798,,,,,,,,,,,,,,,,,,,,,,,,,,,
3/24/17,"1,313,089,012",2.798,,,,,,,,,,,,,,,,,,,,,,,,,,,
3/27/17,"1,313,089,012",2.798,,,,,,,,,,,,,,,,,,,,,,,,,,,
3/28/17,"1,313,089,012",2.798,,,,,,,,,,,,,,,,,,,,,,,,,,,
3/29/17,"1,313,089,012",2.798,,,,,,,,,,,,,,,,,,,,,,,,,,,
3/30/17,"1,313,089,012",2.798,,,,,,,,,,,,,,,,,,,,,,,,,,,
3/31/17,"1,313,089,012",2.798,,,,,,,,,,,,,,,,,,,,,,,,,,,
4/3/17,"1,313,089,012",2.798,,,,,,,,,,,,,,,,,,,,,,,,,,,
4/4/17,"1,313,089,012",2.798,,,,,,,,,,,,,,,,,,,,,,,,,,,
4/5/17,"1,313,089,012",2.798,,,,,,,,,,,,,,,,,,,,,,,,,,,
4/6/17,"1,313,089,012",2.798,,,,,,,,,,,,,,,,,,,,,,,,,,,
4/7/17,"1,313,089,012",2.798,,,,,,,,,,,,,,,,,,,,,,,,,,,
4/10/17,"1,313,089,012",2.798,,,,,,,,,,,,,,,,,,,,,,,,,,,
4/11/17,"1,313,089,012",2.798,,,,,,,,,,,,,,,,,,,,,,,,,,,
4/12/17,"1,313,089,012",2.798,,,,,,,,,,,,,,,,,,,,,,,,,,,
4/13/17,"1,313,089,012",2.798,,,,,,,,,,,,,,,,,,,,,,,,,,,
4/14/17,"1,313,089,012",2.798,,,,,,,,,,,,,,,,,,,,,,,,,,,
4/17/17,"1,313,089,012",2.798,,,,,,,,,,,,,,,,,,,,,,,,,,,
4/18/17,"1,313,089,012",2.798,,,,,,,,,,,,,,,,,,,,,,,,,,,
4/19/17,"1,313,089,012",2.798,,,,,,,,,,,,,,,,,,,,,,,,,,,
4/20/17,"1,313,089,012",2.798,,,,,,,,,,,,,,,,,,,,,,,,,,,
4/21/17,"1,313,089,012",2.798,,,,,,,,,,,,,,,,,,,,,,,,,,,
4/24/17,"1,313,089,012",2.798,,,,,,,,,,,,,,,,,,,,,,,,,,,
4/25/17,"1,313,089,012",2.798,,,,,,,,,,,,,,,,,,,,,,,,,,,
4/26/17,"1,313,089,012",2.798,,,,,,,,,,,,,,,,,,,,,,,,,,,
4/27/17,"1,313,089,012",2.798,,,,,,,,,,,,,,,,,,,,,,,,,,,
4/28/17,"1,313,089,012",2.798,,,,,,,,,,,,,,,,,,,,,,,,,,,
5/1/17,"1,313,089,012",2.798,,,,,,,,,,,,,,,,,,,,,,,,,,,
5/2/17,"1,313,089,012",2.798,,,,,,,,,,,,,,,,,,,,,,,,,,,
5/3/17,"1,313,089,012",2.798,,,,,,,,,,,,,,,,,,,,,,,,,,,
5/4/17,"1,313,089,012",2.798,,,,,,,,,,,,,,,,,,,,,,,,,,,
5/5/17,"1,313,089,012",2.798,,,,,,,,,,,,,,,,,,,,,,,,,,,
5/8/17,"1,313,089,012",2.798,,,,,,,,,,,,,,,,,,,,,,,,,,,
5/9/17,"1,313,089,012",2.798,,,,,,,,,,,,,,,,,,,,,,,,,,,
5/10/17,"1,313,089,012",2.798,,,,,,,,,,,,,,,,,,,,,,,,,,,
5/11/17,"1,313,089,012",2.798,,,,,,,,,,,,,,,,,,,,,,,,,,,
5/12/17,"1,313,089,012",2.798,,,,,,,,,,,,,,,,,,,,,,,,,,,
5/15/17,"1,313,089,012",2.798,,,,,,,,,,,,,,,,,,,,,,,,,,,
5/16/17,"1,313,089,012",2.798,,,,,,,,,,,,,,,,,,,,,,,,,,,
5/17/17,"1,313,089,012",2.798,,,,,,,,,,,,,,,,,,,,,,,,,,,
5/18/17,"1,313,089,012",2.798,,,,,,,,,,,,,,,,,,,,,,,,,,,
5/19/17,"1,313,089,012",2.798,,,,,,,,,,,,,,,,,,,,,,,,,,,
5/22/17,"1,313,089,012",2.798,,,,,,,,,,,,,,,,,,,,,,,,,,,
5/23/17,"1,313,089,012",2.798,,,,,,,,,,,,,,,,,,,,,,,,,,,
5/24/17,"1,313,089,012",2.798,,,,,,,,,,,,,,,,,,,,,,,,,,,
5/25/17,"1,313,089,012",2.798,,,,,,,,,,,,,,,,,,,,,,,,,,,
5/26/17,"1,313,089,012",2.798,,,,,,,,,,,,,,,,,,,,,,,,,,,
5/29/17,"1,313,089,012",2.798,,,,,,,,,,,,,,,,,,,,,,,,,,,
5/30/17,"1,313,089,012",2.798,,,,,,,,,,,,,,,,,,,,,,,,,,,
5/31/17,"1,313,089,012",2.798,,,,,,,,,,,,,,,,,,,,,,,,,,,
6/1/17,"1,313,089,012",2.798,,,,,,,,,,,,,,,,,,,,,,,,,,,
6/2/17,"1,313,089,012",2.798,,,,,,,,,,,,,,,,,,,,,,,,,,,
6/5/17,"1,313,089,012",2.798,,,,,,,,,,,,,,,,,,,,,,,,,,,
6/6/17,"1,313,089,012",2.798,,,,,,,,,,,,,,,,,,,,,,,,,,,
6/7/17,"1,313,089,012",2.798,,,,,,,,,,,,,,,,,,,,,,,,,,,
6/8/17,"1,313,089,012",2.798,,,,,,,,,,,,,,,,,,,,,,,,,,,
6/9/17,"1,313,089,012",2.798,,,,,,,,,,,,,,,,,,,,,,,,,,,
6/12/17,"1,313,089,012",2.798,,,,,,,,,,,,,,,,,,,,,,,,,,,
6/13/17,"1,313,089,012",2.798,,,,,,,,,,,,,,,,,,,,,,,,,,,
6/14/17,"1,313,089,012",2.798,,,,,,,,,,,,,,,,,,,,,,,,,,,
6/15/17,"1,313,089,012",2.798,,,,,,,,,,,,,,,,,,,,,,,,,,,
6/16/17,"1,313,089,012",2.798,,,,,,,,,,,,,,,,,,,,,,,,,,,
6/19/17,"1,313,089,012",2.798,,,,,,,,,,,,,,,,,,,,,,,,,,,
6/20/17,"1,313,089,012",2.798,,,,,,,,,,,,,,,,,,,,,,,,,,,
6/21/17,"1,313,089,012",2.798,,,,,,,,,,,,,,,,,,,,,,,,,,,
6/22/17,"1,313,089,012",2.798,,,,,,,,,,,,,,,,,,,,,,,,,,,
6/23/17,"1,313,089,012",2.798,,,,,,,,,,,,,,,,,,,,,,,,,,,
6/26/17,"1,313,089,012",2.798,,,,,,,,,,,,,,,,,,,,,,,,,,,
6/27/17,"1,313,089,012",2.798,,,,,,,,,,,,,,,,,,,,,,,,,,,
6/28/17,"1,313,089,012",2.798,,,,,,,,,,,,,,,,,,,,,,,,,,,
6/29/17,"1,313,089,012",2.798,,,,,,,,,,,,,,,,,,,,,,,,,,,
6/30/17,"1,313,089,012",2.798,,,,,,,,,,,,,,,,,,,,,,,,,,,
7/3/17,"1,313,089,012",2.798,,,,,,,,,,,,,,,,,,,,,,,,,,,
7/4/17,"1,313,089,012",2.798,,,,,,,,,,,,,,,,,,,,,,,,,,,
7/5/17,"1,313,089,012",2.798,,,,,,,,,,,,,,,,,,,,,,,,,,,
7/6/17,"1,313,089,012",2.798,,,,,,,,,,,,,,,,,,,,,,,,,,,
7/7/17,"1,313,089,012",2.798,,,,,,,,,,,,,,,,,,,,,,,,,,,
7/10/17,"1,313,089,012",2.798,,,,,,,,,,,,,,,,,,,,,,,,,,,
7/11/17,"1,313,089,012",2.798,,,,,,,,,,,,,,,,,,,,,,,,,,,
7/12/17,"1,313,089,012",2.798,,,,,,,,,,,,,,,,,,,,,,,,,,,
7/13/17,"1,313,089,012",2.798,,,,,,,,,,,,,,,,,,,,,,,,,,,
7/14/17,"1,313,089,012",2.798,,,,,,,,,,,,,,,,,,,,,,,,,,,
7/17/17,"1,313,089,012",2.798,,,,,,,,,,,,,,,,,,,,,,,,,,,
7/18/17,"1,313,089,012",2.798,,,,,,,,,,,,,,,,,,,,,,,,,,,
7/19/17,"1,313,089,012",2.798,,,,,,,,,,,,,,,,,,,,,,,,,,,
7/20/17,"1,313,089,012",2.798,,,,,,,,,,,,,,,,,,,,,,,,,,,
7/21/17,"1,313,089,012",2.798,,,,,,,,,,,,,,,,,,,,,,,,,,,
7/24/17,"1,313,089,012",2.798,,,,,,,,,,,,,,,,,,,,,,,,,,,
7/25/17,"1,313,089,012",2.798,,,,,,,,,,,,,,,,,,,,,,,,,,,
7/26/17,"1,313,089,012",2.798,,,,,,,,,,,,,,,,,,,,,,,,,,,
7/27/17,"1,313,089,012",2.798,,,,,,,,,,,,,,,,,,,,,,,,,,,
7/28/17,"1,313,089,012",2.798,,,,,,,,,,,,,,,,,,,,,,,,,,,
7/31/17,"1,313,089,012",2.798,,,,,,,,,,,,,,,,,,,,,,,,,,,
8/1/17,"1,313,089,012",2.798,,,,,,,,,,,,,,,,,,,,,,,,,,,
8/2/17,"1,313,089,012",2.798,,,,,,,,,,,,,,,,,,,,,,,,,,,
8/3/17,"1,313,089,012",2.798,,,,,,,,,,,,,,,,,,,,,,,,,,,
8/4/17,"1,313,089,012",2.798,,,,,,,,,,,,,,,,,,,,,,,,,,,
8/7/17,"1,313,089,012",2.798,,,,,,,,,,,,,,,,,,,,,,,,,,,
8/8/17,"1,313,089,012",2.798,,,,,,,,,,,,,,,,,,,,,,,,,,,
8/9/17,"1,313,089,012",2.798,,,,,,,,,,,,,,,,,,,,,,,,,,,
8/10/17,"1,313,089,012",2.798,,,,,,,,,,,,,,,,,,,,,,,,,,,
8/11/17,"1,313,089,012",2.798,,,,,,,,,,,,,,,,,,,,,,,,,,,
8/14/17,"1,313,089,012",2.798,,,,,,,,,,,,,,,,,,,,,,,,,,,
8/15/17,"1,313,089,012",2.798,,,,,,,,,,,,,,,,,,,,,,,,,,,
8/16/17,"1,313,089,012",2.798,,,,,,,,,,,,,,,,,,,,,,,,,,,
8/17/17,"1,313,089,012",2.798,,,,,,,,,,,,,,,,,,,,,,,,,,,
8/18/17,"1,313,089,012",2.798,,,,,,,,,,,,,,,,,,,,,,,,,,,
8/21/17,"1,313,089,012",2.798,,,,,,,,,,,,,,,,,,,,,,,,,,,
8/22/17,"1,313,089,012",2.798,,,,,,,,,,,,,,,,,,,,,,,,,,,
8/23/17,"1,313,089,012",2.798,,,,,,,,,,,,,,,,,,,,,,,,,,,
8/24/17,"1,313,089,012",2.798,,,,,,,,,,,,,,,,,,,,,,,,,,,
8/25/17,"1,313,089,012",2.798,,,,,,,,,,,,,,,,,,,,,,,,,,,
8/28/17,"1,313,089,012",2.798,,,,,,,,,,,,,,,,,,,,,,,,,,,
8/29/17,"1,313,089,012",2.798,,,,,,,,,,,,,,,,,,,,,,,,,,,
8/30/17,"1,313,089,012",2.798,,,,,,,,,,,,,,,,,,,,,,,,,,,
8/31/17,"1,313,089,012",2.798,,,,,,,,,,,,,,,,,,,,,,,,,,,
9/1/17,"1,313,089,012",2.798,,,,,,,,,,,,,,,,,,,,,,,,,,,
9/4/17,"1,313,089,012",2.798,,,,,,,,,,,,,,,,,,,,,,,,,,,
9/5/17,"1,313,089,012",2.798,,,,,,,,,,,,,,,,,,,,,,,,,,,
9/6/17,"1,313,089,012",2.798,,,,,,,,,,,,,,,,,,,,,,,,,,,
9/7/17,"1,313,089,012",2.798,,,,,,,,,,,,,,,,,,,,,,,,,,,
9/8/17,"1,313,089,012",2.798,,,,,,,,,,,,,,,,,,,,,,,,,,,
9/11/17,"1,313,089,012",2.798,,,,,,,,,,,,,,,,,,,,,,,,,,,
9/12/17,"1,313,089,012",2.798,,,,,,,,,,,,,,,,,,,,,,,,,,,
9/13/17,"1,313,089,012",2.798,,,,,,,,,,,,,,,,,,,,,,,,,,,
9/14/17,"1,313,089,012",2.798,,,,,,,,,,,,,,,,,,,,,,,,,,,
9/15/17,"1,313,089,012",2.798,,,,,,,,,,,,,,,,,,,,,,,,,,,
9/18/17,"1,313,089,012",2.798,,,,,,,,,,,,,,,,,,,,,,,,,,,
9/19/17,"1,313,089,012",2.798,,,,,,,,,,,,,,,,,,,,,,,,,,,
9/20/17,"1,313,089,012",2.798,,,,,,,,,,,,,,,,,,,,,,,,,,,
9/21/17,"1,313,089,012",2.798,,,,,,,,,,,,,,,,,,,,,,,,,,,
9/22/17,"1,313,089,012",2.798,,,,,,,,,,,,,,,,,,,,,,,,,,,
9/25/17,"1,313,089,012",2.798,,,,,,,,,,,,,,,,,,,,,,,,,,,
9/26/17,"1,313,089,012",2.798,,,,,,,,,,,,,,,,,,,,,,,,,,,
9/27/17,"1,313,089,012",2.798,,,,,,,,,,,,,,,,,,,,,,,,,,,
9/28/17,"1,313,089,012",2.798,,,,,,,,,,,,,,,,,,,,,,,,,,,
9/29/17,"1,313,089,012",2.798,,,,,,,,,,,,,,,,,,,,,,,,,,,
10/2/17,"1,313,089,012",2.798,,,,,,,,,,,,,,,,,,,,,,,,,,,
10/3/17,"1,313,089,012",2.798,,,,,,,,,,,,,,,,,,,,,,,,,,,
10/4/17,"1,313,089,012",2.798,,,,,,,,,,,,,,,,,,,,,,,,,,,
10/5/17,"1,313,089,012",2.798,,,,,,,,,,,,,,,,,,,,,,,,,,,
10/6/17,"1,313,089,012",2.798,,,,,,,,,,,,,,,,,,,,,,,,,,,
10/9/17,"1,313,089,012",2.798,,,,,,,,,,,,,,,,,,,,,,,,,,,
10/10/17,"1,313,089,012",2.798,,,,,,,,,,,,,,,,,,,,,,,,,,,
10/11/17,"1,313,089,012",2.798,,,,,,,,,,,,,,,,,,,,,,,,,,,
10/12/17,"1,313,089,012",2.798,,,,,,,,,,,,,,,,,,,,,,,,,,,
10/13/17,"1,313,089,012",2.798,,,,,,,,,,,,,,,,,,,,,,,,,,,
10/16/17,"1,313,089,012",2.798,,,,,,,,,,,,,,,,,,,,,,,,,,,
10/17/17,"1,313,089,012",2.798,,,,,,,,,,,,,,,,,,,,,,,,,,,
10/18/17,"1,313,089,012",2.798,,,,,,,,,,,,,,,,,,,,,,,,,,,
10/19/17,"1,313,089,012",2.798,,,,,,,,,,,,,,,,,,,,,,,,,,,
10/20/17,"1,313,089,012",2.798,,,,,,,,,,,,,,,,,,,,,,,,,,,
10/23/17,"1,313,089,012",2.798,,,,,,,,,,,,,,,,,,,,,,,,,,,
10/24/17,"1,313,089,012",2.798,,,,,,,,,,,,,,,,,,,,,,,,,,,
10/25/17,"1,313,089,012",2.798,,,,,,,,,,,,,,,,,,,,,,,,,,,
10/26/17,"1,313,089,012",2.798,,,,,,,,,,,,,,,,,,,,,,,,,,,
10/27/17,"1,313,089,012",2.798,,,,,,,,,,,,,,,,,,,,,,,,,,,
10/30/17,"1,313,089,012",2.798,,,,,,,,,,,,,,,,,,,,,,,,,,,
10/31/17,"1,313,089,012",2.798,,,,,,,,,,,,,,,,,,,,,,,,,,,
11/1/17,"1,313,089,012",2.798,,,,,,,,,,,,,,,,,,,,,,,,,,,
11/2/17,"1,313,089,012",2.798,,,,,,,,,,,,,,,,,,,,,,,,,,,
11/3/17,"1,313,089,012",2.798,,,,,,,,,,,,,,,,,,,,,,,,,,,
11/6/17,"1,313,089,012",2.798,,,,,,,,,,,,,,,,,,,,,,,,,,,
11/7/17,"1,313,089,012",2.798,,,,,,,,,,,,,,,,,,,,,,,,,,,
11/8/17,"1,313,089,012",2.798,,,,,,,,,,,,,,,,,,,,,,,,,,,
11/9/17,"1,313,089,012",2.798,,,,,,,,,,,,,,,,,,,,,,,,,,,
11/10/17,"1,313,089,012",2.798,,,,,,,,,,,,,,,,,,,,,,,,,,,
11/13/17,"1,313,089,012",2.798,,,,,,,,,,,,,,,,,,,,,,,,,,,
11/14/17,"1,313,089,012",2.798,,,,,,,,,,,,,,,,,,,,,,,,,,,
11/15/17,"1,313,089,012",2.798,,,,,,,,,,,,,,,,,,,,,,,,,,,
11/16/17,"1,313,089,012",2.798,,,,,,,,,,,,,,,,,,,,,,,,,,,
11/17/17,"1,313,089,012",2.798,,,,,,,,,,,,,,,,,,,,,,,,,,,
11/20/17,"1,313,089,012",2.798,,,,,,,,,,,,,,,,,,,,,,,,,,,
11/21/17,"1,313,089,012",2.798,,,,,,,,,,,,,,,,,,,,,,,,,,,
11/22/17,"1,313,089,012",2.798,,,,,,,,,,,,,,,,,,,,,,,,,,,
11/23/17,"1,313,089,012",2.798,,,,,,,,,,,,,,,,,,,,,,,,,,,
11/24/17,"1,313,089,012",2.798,,,,,,,,,,,,,,,,,,,,,,,,,,,
11/27/17,"1,313,089,012",2.798,,,,,,,,,,,,,,,,,,,,,,,,,,,
11/28/17,"1,313,089,012",2.798,,,,,,,,,,,,,,,,,,,,,,,,,,,
11/29/17,"1,313,089,012",2.798,,,,,,,,,,,,,,,,,,,,,,,,,,,
11/30/17,"1,313,089,012",2.798,,,,,,,,,,,,,,,,,,,,,,,,,,,
12/1/17,"1,313,089,012",2.798,,,,,,,,,,,,,,,,,,,,,,,,,,,
12/4/17,"1,313,089,012",2.798,,,,,,,,,,,,,,,,,,,,,,,,,,,
12/5/17,"1,313,089,012",2.798,,,,,,,,,,,,,,,,,,,,,,,,,,,
12/6/17,"1,313,089,012",2.798,,,,,,,,,,,,,,,,,,,,,,,,,,,
12/7/17,"1,313,089,012",2.798,,,,,,,,,,,,,,,,,,,,,,,,,,,
12/8/17,"1,313,089,012",2.798,,,,,,,,,,,,,,,,,,,,,,,,,,,
12/11/17,"1,313,089,012",2.798,,,,,,,,,,,,,,,,,,,,,,,,,,,
12/12/17,"1,313,089,012",2.798,,,,,,,,,,,,,,,,,,,,,,,,,,,
12/13/17,"1,313,089,012",2.798,,,,,,,,,,,,,,,,,,,,,,,,,,,
12/14/17,"1,313,089,012",2.798,,,,,,,,,,,,,,,,,,,,,,,,,,,
12/15/17,"1,313,089,012",2.798,,,,,,,,,,,,,,,,,,,,,,,,,,,
12/18/17,"1,313,089,012",2.798,,,,,,,,,,,,,,,,,,,,,,,,,,,
12/19/17,"1,313,089,012",2.798,,,,,,,,,,,,,,,,,,,,,,,,,,,
12/20/17,"1,313,089,012",2.798,,,,,,,,,,,,,,,,,,,,,,,,,,,
12/21/17,"1,313,089,012",2.798,,,,,,,,,,,,,,,,,,,,,,,,,,,
12/22/17,"1,313,089,012",2.798,,,,,,,,,,,,,,,,,,,,,,,,,,,
12/25/17,"1,313,089,012",2.798,,,,,,,,,,,,,,,,,,,,,,,,,,,
12/26/17,"1,313,089,012",2.798,,,,,,,,,,,,,,,,,,,,,,,,,,,
12/27/17,"1,313,089,012",2.798,,,,,,,,,,,,,,,,,,,,,,,,,,,
12/28/17,"1,313,089,012",2.798,,,,,,,,,,,,,,,,,,,,,,,,,,,
12/29/17,"1,313,089,012",2.798,,,,,,,,,,,,,,,,,,,,,,,,,,,
1/1/18,"1,045,709,082",2.071,,,,,,,,,,,,,,,,,,,,,,,,,,,
1/2/18,"1,045,709,082",2.071,,,,,,,,,,,,,,,,,,,,,,,,,,,
1/3/18,"1,045,709,082",2.071,,,,,,,,,,,,,,,,,,,,,,,,,,,
1/4/18,"1,045,709,082",2.071,,,,,,,,,,,,,,,,,,,,,,,,,,,
1/5/18,"1,045,709,082",2.071,,,,,,,,,,,,,,,,,,,,,,,,,,,
1/8/18,"1,045,709,082",2.071,,,,,,,,,,,,,,,,,,,,,,,,,,,
1/9/18,"1,045,709,082",2.071,,,,,,,,,,,,,,,,,,,,,,,,,,,
1/10/18,"1,045,709,082",2.071,,,,,,,,,,,,,,,,,,,,,,,,,,,
1/11/18,"1,045,709,082",2.071,,,,,,,,,,,,,,,,,,,,,,,,,,,
1/12/18,"1,045,709,082",2.071,,,,,,,,,,,,,,,,,,,,,,,,,,,
1/15/18,"1,045,709,082",2.071,,,,,,,,,,,,,,,,,,,,,,,,,,,
1/16/18,"1,045,709,082",2.071,,,,,,,,,,,,,,,,,,,,,,,,,,,
1/17/18,"1,045,709,082",2.071,,,,,,,,,,,,,,,,,,,,,,,,,,,
1/18/18,"1,045,709,082",2.071,,,,,,,,,,,,,,,,,,,,,,,,,,,
1/19/18,"1,045,709,082",2.071,,,,,,,,,,,,,,,,,,,,,,,,,,,
1/22/18,"1,045,709,082",2.071,,,,,,,,,,,,,,,,,,,,,,,,,,,
1/23/18,"1,045,709,082",2.071,,,,,,,,,,,,,,,,,,,,,,,,,,,
1/24/18,"1,045,709,082",2.071,,,,,,,,,,,,,,,,,,,,,,,,,,,
1/25/18,"1,045,709,082",2.071,,,,,,,,,,,,,,,,,,,,,,,,,,,
1/26/18,"1,045,709,082",2.071,,,,,,,,,,,,,,,,,,,,,,,,,,,
1/29/18,"1,045,709,082",2.071,,,,,,,,,,,,,,,,,,,,,,,,,,,
1/30/18,"1,045,709,082",2.071,,,,,,,,,,,,,,,,,,,,,,,,,,,
1/31/18,"1,045,709,082",2.071,,,,,,,,,,,,,,,,,,,,,,,,,,,
2/1/18,"1,045,709,082",2.071,,,,,,,,,,,,,,,,,,,,,,,,,,,
2/2/18,"1,045,709,082",2.071,,,,,,,,,,,,,,,,,,,,,,,,,,,
2/5/18,"1,045,709,082",2.071,,,,,,,,,,,,,,,,,,,,,,,,,,,
2/6/18,"1,045,709,082",2.071,,,,,,,,,,,,,,,,,,,,,,,,,,,
2/7/18,"1,045,709,082",2.071,,,,,,,,,,,,,,,,,,,,,,,,,,,
2/8/18,"1,045,709,082",2.071,,,,,,,,,,,,,,,,,,,,,,,,,,,
2/9/18,"1,045,709,082",2.071,,,,,,,,,,,,,,,,,,,,,,,,,,,
2/12/18,"1,045,709,082",2.071,,,,,,,,,,,,,,,,,,,,,,,,,,,
2/13/18,"1,045,709,082",2.071,,,,,,,,,,,,,,,,,,,,,,,,,,,
2/14/18,"1,045,709,082",2.071,,,,,,,,,,,,,,,,,,,,,,,,,,,
2/15/18,"1,045,709,082",2.071,,,,,,,,,,,,,,,,,,,,,,,,,,,
2/16/18,"1,045,709,082",2.071,,,,,,,,,,,,,,,,,,,,,,,,,,,
2/19/18,"1,045,709,082",2.071,,,,,,,,,,,,,,,,,,,,,,,,,,,
2/20/18,"1,045,709,082",2.071,,,,,,,,,,,,,,,,,,,,,,,,,,,
2/21/18,"1,045,709,082",2.071,,,,,,,,,,,,,,,,,,,,,,,,,,,
2/22/18,"1,045,709,082",2.071,,,,,,,,,,,,,,,,,,,,,,,,,,,
2/23/18,"1,045,709,082",2.071,,,,,,,,,,,,,,,,,,,,,,,,,,,
2/26/18,"1,045,709,082",2.071,,,,,,,,,,,,,,,,,,,,,,,,,,,
2/27/18,"1,045,709,082",2.071,,,,,,,,,,,,,,,,,,,,,,,,,,,
2/28/18,"1,045,709,082",2.071,,,,,,,,,,,,,,,,,,,,,,,,,,,
3/1/18,"1,045,709,082",2.071,,,,,,,,,,,,,,,,,,,,,,,,,,,
3/2/18,"1,045,709,082",2.071,,,,,,,,,,,,,,,,,,,,,,,,,,,
3/5/18,"1,045,709,082",2.071,,,,,,,,,,,,,,,,,,,,,,,,,,,
3/6/18,"1,045,709,082",2.071,,,,,,,,,,,,,,,,,,,,,,,,,,,
3/7/18,"1,045,709,082",2.071,,,,,,,,,,,,,,,,,,,,,,,,,,,
3/8/18,"1,045,709,082",2.071,,,,,,,,,,,,,,,,,,,,,,,,,,,
3/9/18,"1,045,709,082",2.071,,,,,,,,,,,,,,,,,,,,,,,,,,,
3/12/18,"1,045,709,082",2.071,,,,,,,,,,,,,,,,,,,,,,,,,,,
3/13/18,"1,045,709,082",2.071,,,,,,,,,,,,,,,,,,,,,,,,,,,
3/14/18,"1,045,709,082",2.071,,,,,,,,,,,,,,,,,,,,,,,,,,,
3/15/18,"1,045,709,082",2.071,,,,,,,,,,,,,,,,,,,,,,,,,,,
3/16/18,"1,045,709,082",2.071,,,,,,,,,,,,,,,,,,,,,,,,,,,
3/19/18,"1,045,709,082",2.071,,,,,,,,,,,,,,,,,,,,,,,,,,,
3/20/18,"1,045,709,082",2.071,,,,,,,,,,,,,,,,,,,,,,,,,,,
3/21/18,"1,045,709,082",2.071,,,,,,,,,,,,,,,,,,,,,,,,,,,
3/22/18,"1,045,709,082",2.071,,,,,,,,,,,,,,,,,,,,,,,,,,,
3/23/18,"1,045,709,082",2.071,,,,,,,,,,,,,,,,,,,,,,,,,,,
3/26/18,"1,045,709,082",2.071,,,,,,,,,,,,,,,,,,,,,,,,,,,
3/27/18,"1,045,709,082",2.071,,,,,,,,,,,,,,,,,,,,,,,,,,,
3/28/18,"1,045,709,082",2.071,,,,,,,,,,,,,,,,,,,,,,,,,,,
3/29/18,"1,045,709,082",2.071,,,,,,,,,,,,,,,,,,,,,,,,,,,
3/30/18,"1,045,709,082",2.071,,,,,,,,,,,,,,,,,,,,,,,,,,,
4/2/18,"1,045,709,082",2.071,,,,,,,,,,,,,,,,,,,,,,,,,,,
4/3/18,"1,045,709,082",2.071,,,,,,,,,,,,,,,,,,,,,,,,,,,
4/4/18,"1,045,709,082",2.071,,,,,,,,,,,,,,,,,,,,,,,,,,,
4/5/18,"1,045,709,082",2.071,,,,,,,,,,,,,,,,,,,,,,,,,,,
4/6/18,"1,045,709,082",2.071,,,,,,,,,,,,,,,,,,,,,,,,,,,
4/9/18,"1,045,709,082",2.071,,,,,,,,,,,,,,,,,,,,,,,,,,,
4/10/18,"1,045,709,082",2.071,,,,,,,,,,,,,,,,,,,,,,,,,,,
4/11/18,"1,045,709,082",2.071,,,,,,,,,,,,,,,,,,,,,,,,,,,
4/12/18,"1,045,709,082",2.071,,,,,,,,,,,,,,,,,,,,,,,,,,,
4/13/18,"1,045,709,082",2.071,,,,,,,,,,,,,,,,,,,,,,,,,,,
4/16/18,"1,045,709,082",2.071,,,,,,,,,,,,,,,,,,,,,,,,,,,
4/17/18,"1,045,709,082",2.071,,,,,,,,,,,,,,,,,,,,,,,,,,,
4/18/18,"1,045,709,082",2.071,,,,,,,,,,,,,,,,,,,,,,,,,,,
4/19/18,"1,045,709,082",2.071,,,,,,,,,,,,,,,,,,,,,,,,,,,
4/20/18,"1,045,709,082",2.071,,,,,,,,,,,,,,,,,,,,,,,,,,,
4/23/18,"1,045,709,082",2.071,,,,,,,,,,,,,,,,,,,,,,,,,,,
4/24/18,"1,045,709,082",2.071,,,,,,,,,,,,,,,,,,,,,,,,,,,
4/25/18,"1,045,709,082",2.071,,,,,,,,,,,,,,,,,,,,,,,,,,,
4/26/18,"1,045,709,082",2.071,,,,,,,,,,,,,,,,,,,,,,,,,,,
4/27/18,"1,045,709,082",2.071,,,,,,,,,,,,,,,,,,,,,,,,,,,
4/30/18,"1,045,709,082",2.071,,,,,,,,,,,,,,,,,,,,,,,,,,,
5/1/18,"1,045,709,082",2.071,,,,,,,,,,,,,,,,,,,,,,,,,,,
5/2/18,"1,045,709,082",2.071,,,,,,,,,,,,,,,,,,,,,,,,,,,
5/3/18,"1,045,709,082",2.071,,,,,,,,,,,,,,,,,,,,,,,,,,,
5/4/18,"1,045,709,082",2.071,,,,,,,,,,,,,,,,,,,,,,,,,,,
5/7/18,"1,045,709,082",2.071,,,,,,,,,,,,,,,,,,,,,,,,,,,
5/8/18,"1,045,709,082",2.071,,,,,,,,,,,,,,,,,,,,,,,,,,,
5/9/18,"1,045,709,082",2.071,,,,,,,,,,,,,,,,,,,,,,,,,,,
5/10/18,"1,045,709,082",2.071,,,,,,,,,,,,,,,,,,,,,,,,,,,
5/11/18,"1,045,709,082",2.071,,,,,,,,,,,,,,,,,,,,,,,,,,,
5/14/18,"1,045,709,082",2.071,,,,,,,,,,,,,,,,,,,,,,,,,,,
5/15/18,"1,045,709,082",2.071,,,,,,,,,,,,,,,,,,,,,,,,,,,
5/16/18,"1,045,709,082",2.071,,,,,,,,,,,,,,,,,,,,,,,,,,,
5/17/18,"1,045,709,082",2.071,,,,,,,,,,,,,,,,,,,,,,,,,,,
5/18/18,"1,045,709,082",2.071,,,,,,,,,,,,,,,,,,,,,,,,,,,
5/21/18,"1,045,709,082",2.071,,,,,,,,,,,,,,,,,,,,,,,,,,,
5/22/18,"1,045,709,082",2.071,,,,,,,,,,,,,,,,,,,,,,,,,,,
5/23/18,"1,045,709,082",2.071,,,,,,,,,,,,,,,,,,,,,,,,,,,
5/24/18,"1,045,709,082",2.071,,,,,,,,,,,,,,,,,,,,,,,,,,,
5/25/18,"1,045,709,082",2.071,,,,,,,,,,,,,,,,,,,,,,,,,,,
5/28/18,"1,045,709,082",2.071,,,,,,,,,,,,,,,,,,,,,,,,,,,
5/29/18,"1,045,709,082",2.071,,,,,,,,,,,,,,,,,,,,,,,,,,,
5/30/18,"1,045,709,082",2.071,,,,,,,,,,,,,,,,,,,,,,,,,,,
5/31/18,"1,045,709,082",2.071,,,,,,,,,,,,,,,,,,,,,,,,,,,
6/1/18,"1,045,709,082",2.071,,,,,,,,,,,,,,,,,,,,,,,,,,,
6/4/18,"1,045,709,082",2.071,,,,,,,,,,,,,,,,,,,,,,,,,,,
6/5/18,"1,045,709,082",2.071,,,,,,,,,,,,,,,,,,,,,,,,,,,
6/6/18,"1,045,709,082",2.071,,,,,,,,,,,,,,,,,,,,,,,,,,,
6/7/18,"1,045,709,082",2.071,,,,,,,,,,,,,,,,,,,,,,,,,,,
6/8/18,"1,045,709,082",2.071,,,,,,,,,,,,,,,,,,,,,,,,,,,
6/11/18,"1,045,709,082",2.071,,,,,,,,,,,,,,,,,,,,,,,,,,,
6/12/18,"1,045,709,082",2.071,,,,,,,,,,,,,,,,,,,,,,,,,,,
6/13/18,"1,045,709,082",2.071,,,,,,,,,,,,,,,,,,,,,,,,,,,
6/14/18,"1,045,709,082",2.071,,,,,,,,,,,,,,,,,,,,,,,,,,,
6/15/18,"1,045,709,082",2.071,,,,,,,,,,,,,,,,,,,,,,,,,,,
6/18/18,"1,045,709,082",2.071,,,,,,,,,,,,,,,,,,,,,,,,,,,
6/19/18,"1,045,709,082",2.071,,,,,,,,,,,,,,,,,,,,,,,,,,,
6/20/18,"1,045,709,082",2.071,,,,,,,,,,,,,,,,,,,,,,,,,,,
6/21/18,"1,045,709,082",2.071,,,,,,,,,,,,,,,,,,,,,,,,,,,
6/22/18,"1,045,709,082",2.071,,,,,,,,,,,,,,,,,,,,,,,,,,,
6/25/18,"1,045,709,082",2.071,,,,,,,,,,,,,,,,,,,,,,,,,,,
6/26/18,"1,045,709,082",2.071,,,,,,,,,,,,,,,,,,,,,,,,,,,
6/27/18,"1,045,709,082",2.071,,,,,,,,,,,,,,,,,,,,,,,,,,,
6/28/18,"1,045,709,082",2.071,,,,,,,,,,,,,,,,,,,,,,,,,,,
6/29/18,"1,045,709,082",2.071,,,,,,,,,,,,,,,,,,,,,,,,,,,
7/2/18,"1,045,709,082",2.071,,,,,,,,,,,,,,,,,,,,,,,,,,,
7/3/18,"1,045,709,082",2.071,,,,,,,,,,,,,,,,,,,,,,,,,,,
7/4/18,"1,045,709,082",2.071,,,,,,,,,,,,,,,,,,,,,,,,,,,
7/5/18,"1,045,709,082",2.071,,,,,,,,,,,,,,,,,,,,,,,,,,,
7/6/18,"1,045,709,082",2.071,,,,,,,,,,,,,,,,,,,,,,,,,,,
7/9/18,"1,045,709,082",2.071,,,,,,,,,,,,,,,,,,,,,,,,,,,
7/10/18,"1,045,709,082",2.071,,,,,,,,,,,,,,,,,,,,,,,,,,,
7/11/18,"1,045,709,082",2.071,,,,,,,,,,,,,,,,,,,,,,,,,,,
7/12/18,"1,045,709,082",2.071,,,,,,,,,,,,,,,,,,,,,,,,,,,
7/13/18,"1,045,709,082",2.071,,,,,,,,,,,,,,,,,,,,,,,,,,,
7/16/18,"1,045,709,082",2.071,,,,,,,,,,,,,,,,,,,,,,,,,,,
7/17/18,"1,045,709,082",2.071,,,,,,,,,,,,,,,,,,,,,,,,,,,
7/18/18,"1,045,709,082",2.071,,,,,,,,,,,,,,,,,,,,,,,,,,,
7/19/18,"1,045,709,082",2.071,,,,,,,,,,,,,,,,,,,,,,,,,,,
7/20/18,"1,045,709,082",2.071,,,,,,,,,,,,,,,,,,,,,,,,,,,
7/23/18,"1,045,709,082",2.071,,,,,,,,,,,,,,,,,,,,,,,,,,,
7/24/18,"1,045,709,082",2.071,,,,,,,,,,,,,,,,,,,,,,,,,,,
7/25/18,"1,045,709,082",2.071,,,,,,,,,,,,,,,,,,,,,,,,,,,
7/26/18,"1,045,709,082",2.071,,,,,,,,,,,,,,,,,,,,,,,,,,,
7/27/18,"1,045,709,082",2.071,,,,,,,,,,,,,,,,,,,,,,,,,,,
7/30/18,"1,045,709,082",2.071,,,,,,,,,,,,,,,,,,,,,,,,,,,
7/31/18,"1,045,709,082",2.071,,,,,,,,,,,,,,,,,,,,,,,,,,,
8/1/18,"1,045,709,082",2.071,,,,,,,,,,,,,,,,,,,,,,,,,,,
8/2/18,"1,045,709,082",2.071,,,,,,,,,,,,,,,,,,,,,,,,,,,
8/3/18,"1,045,709,082",2.071,,,,,,,,,,,,,,,,,,,,,,,,,,,
8/6/18,"1,045,709,082",2.071,,,,,,,,,,,,,,,,,,,,,,,,,,,
8/7/18,"1,045,709,082",2.071,,,,,,,,,,,,,,,,,,,,,,,,,,,
8/8/18,"1,045,709,082",2.071,,,,,,,,,,,,,,,,,,,,,,,,,,,
8/9/18,"1,045,709,082",2.071,,,,,,,,,,,,,,,,,,,,,,,,,,,
8/10/18,"1,045,709,082",2.071,,,,,,,,,,,,,,,,,,,,,,,,,,,
8/13/18,"1,045,709,082",2.071,,,,,,,,,,,,,,,,,,,,,,,,,,,
8/14/18,"1,045,709,082",2.071,,,,,,,,,,,,,,,,,,,,,,,,,,,
8/15/18,"1,045,709,082",2.071,,,,,,,,,,,,,,,,,,,,,,,,,,,
8/16/18,"1,045,709,082",2.071,,,,,,,,,,,,,,,,,,,,,,,,,,,
8/17/18,"1,045,709,082",2.071,,,,,,,,,,,,,,,,,,,,,,,,,,,
8/20/18,"1,045,709,082",2.071,,,,,,,,,,,,,,,,,,,,,,,,,,,
8/21/18,"1,045,709,082",2.071,,,,,,,,,,,,,,,,,,,,,,,,,,,
8/22/18,"1,045,709,082",2.071,,,,,,,,,,,,,,,,,,,,,,,,,,,
8/23/18,"1,045,709,082",2.071,,,,,,,,,,,,,,,,,,,,,,,,,,,
8/24/18,"1,045,709,082",2.071,,,,,,,,,,,,,,,,,,,,,,,,,,,
8/27/18,"1,045,709,082",2.071,,,,,,,,,,,,,,,,,,,,,,,,,,,
8/28/18,"1,045,709,082",2.071,,,,,,,,,,,,,,,,,,,,,,,,,,,
8/29/18,"1,045,709,082",2.071,,,,,,,,,,,,,,,,,,,,,,,,,,,
8/30/18,"1,045,709,082",2.071,,,,,,,,,,,,,,,,,,,,,,,,,,,
8/31/18,"1,045,709,082",2.071,,,,,,,,,,,,,,,,,,,,,,,,,,,
9/3/18,"1,045,709,082",2.071,,,,,,,,,,,,,,,,,,,,,,,,,,,
9/4/18,"1,045,709,082",2.071,,,,,,,,,,,,,,,,,,,,,,,,,,,
9/5/18,"1,045,709,082",2.071,,,,,,,,,,,,,,,,,,,,,,,,,,,
9/6/18,"1,045,709,082",2.071,,,,,,,,,,,,,,,,,,,,,,,,,,,
9/7/18,"1,045,709,082",2.071,,,,,,,,,,,,,,,,,,,,,,,,,,,
9/10/18,"1,045,709,082",2.071,,,,,,,,,,,,,,,,,,,,,,,,,,,
9/11/18,"1,045,709,082",2.071,,,,,,,,,,,,,,,,,,,,,,,,,,,
9/12/18,"1,045,709,082",2.071,,,,,,,,,,,,,,,,,,,,,,,,,,,
9/13/18,"1,045,709,082",2.071,,,,,,,,,,,,,,,,,,,,,,,,,,,
9/14/18,"1,045,709,082",2.071,,,,,,,,,,,,,,,,,,,,,,,,,,,
9/17/18,"1,045,709,082",2.071,,,,,,,,,,,,,,,,,,,,,,,,,,,
9/18/18,"1,045,709,082",2.071,,,,,,,,,,,,,,,,,,,,,,,,,,,
9/19/18,"1,045,709,082",2.071,,,,,,,,,,,,,,,,,,,,,,,,,,,
9/20/18,"1,045,709,082",2.071,,,,,,,,,,,,,,,,,,,,,,,,,,,
9/21/18,"1,045,709,082",2.071,,,,,,,,,,,,,,,,,,,,,,,,,,,
9/24/18,"1,045,709,082",2.071,,,,,,,,,,,,,,,,,,,,,,,,,,,
9/25/18,"1,045,709,082",2.071,,,,,,,,,,,,,,,,,,,,,,,,,,,
9/26/18,"1,045,709,082",2.071,,,,,,,,,,,,,,,,,,,,,,,,,,,
9/27/18,"1,045,709,082",2.071,,,,,,,,,,,,,,,,,,,,,,,,,,,
9/28/18,"1,045,709,082",2.071,,,,,,,,,,,,,,,,,,,,,,,,,,,
10/1/18,"1,045,709,082",2.071,,,,,,,,,,,,,,,,,,,,,,,,,,,
10/2/18,"1,045,709,082",2.071,,,,,,,,,,,,,,,,,,,,,,,,,,,
10/3/18,"1,045,709,082",2.071,,,,,,,,,,,,,,,,,,,,,,,,,,,
10/4/18,"1,045,709,082",2.071,,,,,,,,,,,,,,,,,,,,,,,,,,,
10/5/18,"1,045,709,082",2.071,,,,,,,,,,,,,,,,,,,,,,,,,,,
10/8/18,"1,045,709,082",2.071,,,,,,,,,,,,,,,,,,,,,,,,,,,
10/9/18,"1,045,709,082",2.071,,,,,,,,,,,,,,,,,,,,,,,,,,,
10/10/18,"1,045,709,082",2.071,,,,,,,,,,,,,,,,,,,,,,,,,,,
10/11/18,"1,045,709,082",2.071,,,,,,,,,,,,,,,,,,,,,,,,,,,
10/12/18,"1,045,709,082",2.071,,,,,,,,,,,,,,,,,,,,,,,,,,,
10/15/18,"1,045,709,082",2.071,,,,,,,,,,,,,,,,,,,,,,,,,,,
10/16/18,"1,045,709,082",2.071,,,,,,,,,,,,,,,,,,,,,,,,,,,
10/17/18,"1,045,709,082",2.071,,,,,,,,,,,,,,,,,,,,,,,,,,,
10/18/18,"1,045,709,082",2.071,,,,,,,,,,,,,,,,,,,,,,,,,,,
10/19/18,"1,045,709,082",2.071,,,,,,,,,,,,,,,,,,,,,,,,,,,
10/22/18,"1,045,709,082",2.071,,,,,,,,,,,,,,,,,,,,,,,,,,,
10/23/18,"1,045,709,082",2.071,,,,,,,,,,,,,,,,,,,,,,,,,,,
10/24/18,"1,045,709,082",2.071,,,,,,,,,,,,,,,,,,,,,,,,,,,
10/25/18,"1,045,709,082",2.071,,,,,,,,,,,,,,,,,,,,,,,,,,,
10/26/18,"1,045,709,082",2.071,,,,,,,,,,,,,,,,,,,,,,,,,,,
10/29/18,"1,045,709,082",2.071,,,,,,,,,,,,,,,,,,,,,,,,,,,
10/30/18,"1,045,709,082",2.071,,,,,,,,,,,,,,,,,,,,,,,,,,,
10/31/18,"1,045,709,082",2.071,,,,,,,,,,,,,,,,,,,,,,,,,,,
11/1/18,"1,045,709,082",2.071,,,,,,,,,,,,,,,,,,,,,,,,,,,
11/2/18,"1,045,709,082",2.071,,,,,,,,,,,,,,,,,,,,,,,,,,,
11/5/18,"1,045,709,082",2.071,,,,,,,,,,,,,,,,,,,,,,,,,,,
11/6/18,"1,045,709,082",2.071,,,,,,,,,,,,,,,,,,,,,,,,,,,
11/7/18,"1,045,709,082",2.071,,,,,,,,,,,,,,,,,,,,,,,,,,,
11/8/18,"1,045,709,082",2.071,,,,,,,,,,,,,,,,,,,,,,,,,,,
11/9/18,"1,045,709,082",2.071,,,,,,,,,,,,,,,,,,,,,,,,,,,
11/12/18,"1,045,709,082",2.071,,,,,,,,,,,,,,,,,,,,,,,,,,,
11/13/18,"1,045,709,082",2.071,,,,,,,,,,,,,,,,,,,,,,,,,,,
11/14/18,"1,045,709,082",2.071,,,,,,,,,,,,,,,,,,,,,,,,,,,
11/15/18,"1,045,709,082",2.071,,,,,,,,,,,,,,,,,,,,,,,,,,,
11/16/18,"1,045,709,082",2.071,,,,,,,,,,,,,,,,,,,,,,,,,,,
11/19/18,"1,045,709,082",2.071,,,,,,,,,,,,,,,,,,,,,,,,,,,
11/20/18,"1,045,709,082",2.071,,,,,,,,,,,,,,,,,,,,,,,,,,,
11/21/18,"1,045,709,082",2.071,,,,,,,,,,,,,,,,,,,,,,,,,,,
11/22/18,"1,045,709,082",2.071,,,,,,,,,,,,,,,,,,,,,,,,,,,
11/23/18,"1,045,709,082",2.071,,,,,,,,,,,,,,,,,,,,,,,,,,,
11/26/18,"1,045,709,082",2.071,,,,,,,,,,,,,,,,,,,,,,,,,,,
11/27/18,"1,045,709,082",2.071,,,,,,,,,,,,,,,,,,,,,,,,,,,
11/28/18,"1,045,709,082",2.071,,,,,,,,,,,,,,,,,,,,,,,,,,,
11/29/18,"1,045,709,082",2.071,,,,,,,,,,,,,,,,,,,,,,,,,,,
11/30/18,"1,045,709,082",2.071,,,,,,,,,,,,,,,,,,,,,,,,,,,
12/3/18,"1,045,709,082",2.071,,,,,,,,,,,,,,,,,,,,,,,,,,,
12/4/18,"1,045,709,082",2.071,,,,,,,,,,,,,,,,,,,,,,,,,,,
12/5/18,"1,045,709,082",2.071,,,,,,,,,,,,,,,,,,,,,,,,,,,
12/6/18,"1,045,709,082",2.071,,,,,,,,,,,,,,,,,,,,,,,,,,,
12/7/18,"1,045,709,082",2.071,,,,,,,,,,,,,,,,,,,,,,,,,,,
12/10/18,"1,045,709,082",2.071,,,,,,,,,,,,,,,,,,,,,,,,,,,
12/11/18,"1,045,709,082",2.071,,,,,,,,,,,,,,,,,,,,,,,,,,,
12/12/18,"1,045,709,082",2.071,,,,,,,,,,,,,,,,,,,,,,,,,,,
12/13/18,"1,045,709,082",2.071,,,,,,,,,,,,,,,,,,,,,,,,,,,
12/14/18,"1,045,709,082",2.071,,,,,,,,,,,,,,,,,,,,,,,,,,,
12/17/18,"1,045,709,082",2.071,,,,,,,,,,,,,,,,,,,,,,,,,,,
12/18/18,"1,045,709,082",2.071,,,,,,,,,,,,,,,,,,,,,,,,,,,
12/19/18,"1,045,709,082",2.071,,,,,,,,,,,,,,,,,,,,,,,,,,,
12/20/18,"1,045,709,082",2.071,,,,,,,,,,,,,,,,,,,,,,,,,,,
12/21/18,"1,045,709,082",2.071,,,,,,,,,,,,,,,,,,,,,,,,,,,
12/24/18,"1,045,709,082",2.071,,,,,,,,,,,,,,,,,,,,,,,,,,,
12/25/18,"1,045,709,082",2.071,,,,,,,,,,,,,,,,,,,,,,,,,,,
12/26/18,"1,045,709,082",2.071,,,,,,,,,,,,,,,,,,,,,,,,,,,
12/27/18,"1,045,709,082",2.071,,,,,,,,,,,,,,,,,,,,,,,,,,,
12/28/18,"1,045,709,082",2.071,,,,,,,,,,,,,,,,,,,,,,,,,,,
12/31/18,"1,142,118,690",1.959,,,,,,,,,,,,,,,,,,,,,,,,,,,
1/1/19,"1,142,118,690",1.959,,,,,,,,,,,,,,,,,,,,,,,,,,,
1/2/19,"1,142,118,690",1.959,,,,,,,,,,,,,,,,,,,,,,,,,,,
1/3/19,"1,142,118,690",1.959,,,,,,,,,,,,,,,,,,,,,,,,,,,
1/4/19,"1,142,118,690",1.959,,,,,,,,,,,,,,,,,,,,,,,,,,,
1/7/19,"1,142,118,690",1.959,,,,,,,,,,,,,,,,,,,,,,,,,,,
1/8/19,"1,142,118,690",1.959,,,,,,,,,,,,,,,,,,,,,,,,,,,
1/9/19,"1,142,118,690",1.959,,,,,,,,,,,,,,,,,,,,,,,,,,,
1/10/19,"1,142,118,690",1.959,,,,,,,,,,,,,,,,,,,,,,,,,,,
1/11/19,"1,142,118,690",1.959,,,,,,,,,,,,,,,,,,,,,,,,,,,
1/14/19,"1,142,118,690",1.959,,,,,,,,,,,,,,,,,,,,,,,,,,,
1/15/19,"1,142,118,690",1.959,,,,,,,,,,,,,,,,,,,,,,,,,,,
1/16/19,"1,142,118,690",1.959,,,,,,,,,,,,,,,,,,,,,,,,,,,
1/17/19,"1,142,118,690",1.959,,,,,,,,,,,,,,,,,,,,,,,,,,,
1/18/19,"1,142,118,690",1.959,,,,,,,,,,,,,,,,,,,,,,,,,,,
1/21/19,"1,142,118,690",1.959,,,,,,,,,,,,,,,,,,,,,,,,,,,
1/22/19,"1,142,118,690",1.959,,,,,,,,,,,,,,,,,,,,,,,,,,,
1/23/19,"1,142,118,690",1.959,,,,,,,,,,,,,,,,,,,,,,,,,,,
1/24/19,"1,142,118,690",1.959,,,,,,,,,,,,,,,,,,,,,,,,,,,
1/25/19,"1,142,118,690",1.959,,,,,,,,,,,,,,,,,,,,,,,,,,,
1/28/19,"1,142,118,690",1.959,,,,,,,,,,,,,,,,,,,,,,,,,,,
1/29/19,"1,142,118,690",1.959,,,,,,,,,,,,,,,,,,,,,,,,,,,
1/30/19,"1,142,118,690",1.959,,,,,,,,,,,,,,,,,,,,,,,,,,,
1/31/19,"1,142,118,690",1.959,,,,,,,,,,,,,,,,,,,,,,,,,,,
2/1/19,"1,142,118,690",1.959,,,,,,,,,,,,,,,,,,,,,,,,,,,
2/4/19,"1,142,118,690",1.959,,,,,,,,,,,,,,,,,,,,,,,,,,,
2/5/19,"1,142,118,690",1.959,,,,,,,,,,,,,,,,,,,,,,,,,,,
2/6/19,"1,142,118,690",1.959,,,,,,,,,,,,,,,,,,,,,,,,,,,
2/7/19,"1,142,118,690",1.959,,,,,,,,,,,,,,,,,,,,,,,,,,,
2/8/19,"1,142,118,690",1.959,,,,,,,,,,,,,,,,,,,,,,,,,,,
2/11/19,"1,142,118,690",1.959,,,,,,,,,,,,,,,,,,,,,,,,,,,
2/12/19,"1,142,118,690",1.959,,,,,,,,,,,,,,,,,,,,,,,,,,,
2/13/19,"1,142,118,690",1.959,,,,,,,,,,,,,,,,,,,,,,,,,,,
2/14/19,"1,142,118,690",1.959,,,,,,,,,,,,,,,,,,,,,,,,,,,
2/15/19,"1,142,118,690",1.959,,,,,,,,,,,,,,,,,,,,,,,,,,,
2/18/19,"1,142,118,690",1.959,,,,,,,,,,,,,,,,,,,,,,,,,,,
2/19/19,"1,142,118,690",1.959,,,,,,,,,,,,,,,,,,,,,,,,,,,
2/20/19,"1,142,118,690",1.959,,,,,,,,,,,,,,,,,,,,,,,,,,,
2/21/19,"1,142,118,690",1.959,,,,,,,,,,,,,,,,,,,,,,,,,,,
2/22/19,"1,142,118,690",1.959,,,,,,,,,,,,,,,,,,,,,,,,,,,
2/25/19,"1,142,118,690",1.959,,,,,,,,,,,,,,,,,,,,,,,,,,,
2/26/19,"1,142,118,690",1.959,,,,,,,,,,,,,,,,,,,,,,,,,,,
2/27/19,"1,142,118,690",1.959,,,,,,,,,,,,,,,,,,,,,,,,,,,
2/28/19,"1,142,118,690",1.959,,,,,,,,,,,,,,,,,,,,,,,,,,,
3/1/19,"1,142,118,690",1.959,,,,,,,,,,,,,,,,,,,,,,,,,,,
3/4/19,"1,142,118,690",1.959,,,,,,,,,,,,,,,,,,,,,,,,,,,
3/5/19,"1,142,118,690",1.959,,,,,,,,,,,,,,,,,,,,,,,,,,,
3/6/19,"1,142,118,690",1.959,,,,,,,,,,,,,,,,,,,,,,,,,,,
3/7/19,"1,142,118,690",1.959,,,,,,,,,,,,,,,,,,,,,,,,,,,
3/8/19,"1,142,118,690",1.959,,,,,,,,,,,,,,,,,,,,,,,,,,,
3/11/19,"1,142,118,690",1.959,,,,,,,,,,,,,,,,,,,,,,,,,,,
3/12/19,"1,142,118,690",1.959,,,,,,,,,,,,,,,,,,,,,,,,,,,
3/13/19,"1,142,118,690",1.959,,,,,,,,,,,,,,,,,,,,,,,,,,,
3/14/19,"1,142,118,690",1.959,,,,,,,,,,,,,,,,,,,,,,,,,,,
3/15/19,"1,142,118,690",1.959,,,,,,,,,,,,,,,,,,,,,,,,,,,
3/18/19,"1,142,118,690",1.959,,,,,,,,,,,,,,,,,,,,,,,,,,,
3/19/19,"1,142,118,690",1.959,,,,,,,,,,,,,,,,,,,,,,,,,,,
3/20/19,"1,142,118,690",1.959,,,,,,,,,,,,,,,,,,,,,,,,,,,
3/21/19,"1,142,118,690",1.959,,,,,,,,,,,,,,,,,,,,,,,,,,,
3/22/19,"1,142,118,690",1.959,,,,,,,,,,,,,,,,,,,,,,,,,,,
3/25/19,"1,142,118,690",1.959,,,,,,,,,,,,,,,,,,,,,,,,,,,
3/26/19,"1,142,118,690",1.959,,,,,,,,,,,,,,,,,,,,,,,,,,,
3/27/19,"1,142,118,690",1.959,,,,,,,,,,,,,,,,,,,,,,,,,,,
3/28/19,"1,142,118,690",1.959,,,,,,,,,,,,,,,,,,,,,,,,,,,
3/29/19,"1,142,118,690",1.959,,,,,,,,,,,,,,,,,,,,,,,,,,,
4/1/19,"1,142,118,690",1.959,,,,,,,,,,,,,,,,,,,,,,,,,,,
4/2/19,"1,142,118,690",1.959,,,,,,,,,,,,,,,,,,,,,,,,,,,
4/3/19,"1,142,118,690",1.959,,,,,,,,,,,,,,,,,,,,,,,,,,,
4/4/19,"1,142,118,690",1.959,,,,,,,,,,,,,,,,,,,,,,,,,,,
4/5/19,"1,142,118,690",1.959,,,,,,,,,,,,,,,,,,,,,,,,,,,
4/8/19,"1,142,118,690",1.959,,,,,,,,,,,,,,,,,,,,,,,,,,,
4/9/19,"1,142,118,690",1.959,,,,,,,,,,,,,,,,,,,,,,,,,,,
4/10/19,"1,142,118,690",1.959,,,,,,,,,,,,,,,,,,,,,,,,,,,
4/11/19,"1,142,118,690",1.959,,,,,,,,,,,,,,,,,,,,,,,,,,,
4/12/19,"1,142,118,690",1.959,,,,,,,,,,,,,,,,,,,,,,,,,,,
4/15/19,"1,142,118,690",1.959,,,,,,,,,,,,,,,,,,,,,,,,,,,
4/16/19,"1,142,118,690",1.959,,,,,,,,,,,,,,,,,,,,,,,,,,,
4/17/19,"1,142,118,690",1.959,,,,,,,,,,,,,,,,,,,,,,,,,,,
4/18/19,"1,142,118,690",1.959,,,,,,,,,,,,,,,,,,,,,,,,,,,
4/19/19,"1,142,118,690",1.959,,,,,,,,,,,,,,,,,,,,,,,,,,,
4/22/19,"1,142,118,690",1.959,,,,,,,,,,,,,,,,,,,,,,,,,,,
4/23/19,"1,142,118,690",1.959,,,,,,,,,,,,,,,,,,,,,,,,,,,
4/24/19,"1,142,118,690",1.959,,,,,,,,,,,,,,,,,,,,,,,,,,,
4/25/19,"1,142,118,690",1.959,,,,,,,,,,,,,,,,,,,,,,,,,,,
4/26/19,"1,142,118,690",1.959,,,,,,,,,,,,,,,,,,,,,,,,,,,
4/29/19,"1,142,118,690",1.959,,,,,,,,,,,,,,,,,,,,,,,,,,,
4/30/19,"1,142,118,690",1.959,,,,,,,,,,,,,,,,,,,,,,,,,,,
5/1/19,"1,142,118,690",1.959,,,,,,,,,,,,,,,,,,,,,,,,,,,
5/2/19,"1,142,118,690",1.959,,,,,,,,,,,,,,,,,,,,,,,,,,,
5/3/19,"1,142,118,690",1.959,,,,,,,,,,,,,,,,,,,,,,,,,,,
5/6/19,"1,142,118,690",1.959,,,,,,,,,,,,,,,,,,,,,,,,,,,
5/7/19,"1,142,118,690",1.959,,,,,,,,,,,,,,,,,,,,,,,,,,,
5/8/19,"1,142,118,690",1.959,,,,,,,,,,,,,,,,,,,,,,,,,,,
5/9/19,"1,142,118,690",1.959,,,,,,,,,,,,,,,,,,,,,,,,,,,
5/10/19,"1,142,118,690",1.959,,,,,,,,,,,,,,,,,,,,,,,,,,,
5/13/19,"1,142,118,690",1.959,,,,,,,,,,,,,,,,,,,,,,,,,,,
5/14/19,"1,142,118,690",1.959,,,,,,,,,,,,,,,,,,,,,,,,,,,
5/15/19,"1,142,118,690",1.959,,,,,,,,,,,,,,,,,,,,,,,,,,,
5/16/19,"1,142,118,690",1.959,,,,,,,,,,,,,,,,,,,,,,,,,,,
5/17/19,"1,142,118,690",1.959,,,,,,,,,,,,,,,,,,,,,,,,,,,
5/20/19,"1,142,118,690",1.959,,,,,,,,,,,,,,,,,,,,,,,,,,,
5/21/19,"1,142,118,690",1.959,,,,,,,,,,,,,,,,,,,,,,,,,,,
5/22/19,"1,142,118,690",1.959,,,,,,,,,,,,,,,,,,,,,,,,,,,
5/23/19,"1,142,118,690",1.959,,,,,,,,,,,,,,,,,,,,,,,,,,,
5/24/19,"1,142,118,690",1.959,,,,,,,,,,,,,,,,,,,,,,,,,,,
5/27/19,"1,142,118,690",1.959,,,,,,,,,,,,,,,,,,,,,,,,,,,
5/28/19,"1,142,118,690",1.959,,,,,,,,,,,,,,,,,,,,,,,,,,,
5/29/19,"1,142,118,690",1.959,,,,,,,,,,,,,,,,,,,,,,,,,,,
5/30/19,"1,142,118,690",1.959,,,,,,,,,,,,,,,,,,,,,,,,,,,
5/31/19,"1,142,118,690",1.959,,,,,,,,,,,,,,,,,,,,,,,,,,,
6/3/19,"1,142,118,690",1.959,,,,,,,,,,,,,,,,,,,,,,,,,,,
6/4/19,"1,142,118,690",1.959,,,,,,,,,,,,,,,,,,,,,,,,,,,
6/5/19,"1,142,118,690",1.959,,,,,,,,,,,,,,,,,,,,,,,,,,,
6/6/19,"1,142,118,690",1.959,,,,,,,,,,,,,,,,,,,,,,,,,,,
6/7/19,"1,142,118,690",1.959,,,,,,,,,,,,,,,,,,,,,,,,,,,
6/10/19,"1,142,118,690",1.959,,,,,,,,,,,,,,,,,,,,,,,,,,,
6/11/19,"1,142,118,690",1.959,,,,,,,,,,,,,,,,,,,,,,,,,,,
6/12/19,"1,142,118,690",1.959,,,,,,,,,,,,,,,,,,,,,,,,,,,
6/13/19,"1,142,118,690",1.959,,,,,,,,,,,,,,,,,,,,,,,,,,,
6/14/19,"1,142,118,690",1.959,,,,,,,,,,,,,,,,,,,,,,,,,,,
6/17/19,"1,142,118,690",1.959,,,,,,,,,,,,,,,,,,,,,,,,,,,
6/18/19,"1,142,118,690",1.959,,,,,,,,,,,,,,,,,,,,,,,,,,,
6/19/19,"1,142,118,690",1.959,,,,,,,,,,,,,,,,,,,,,,,,,,,
6/20/19,"1,142,118,690",1.959,,,,,,,,,,,,,,,,,,,,,,,,,,,
6/21/19,"1,142,118,690",1.959,,,,,,,,,,,,,,,,,,,,,,,,,,,
6/24/19,"1,142,118,690",1.959,,,,,,,,,,,,,,,,,,,,,,,,,,,
6/25/19,"1,142,118,690",1.959,,,,,,,,,,,,,,,,,,,,,,,,,,,
6/26/19,"1,142,118,690",1.959,,,,,,,,,,,,,,,,,,,,,,,,,,,
6/27/19,"1,142,118,690",1.959,,,,,,,,,,,,,,,,,,,,,,,,,,,
6/28/19,"1,142,118,690",1.959,,,,,,,,,,,,,,,,,,,,,,,,,,,
7/1/19,"1,142,118,690",1.959,,,,,,,,,,,,,,,,,,,,,,,,,,,
7/2/19,"1,142,118,690",1.959,,,,,,,,,,,,,,,,,,,,,,,,,,,
7/3/19,"1,142,118,690",1.959,,,,,,,,,,,,,,,,,,,,,,,,,,,
7/4/19,"1,142,118,690",1.959,,,,,,,,,,,,,,,,,,,,,,,,,,,
7/5/19,"1,142,118,690",1.959,,,,,,,,,,,,,,,,,,,,,,,,,,,
7/8/19,"1,142,118,690",1.959,,,,,,,,,,,,,,,,,,,,,,,,,,,
7/9/19,"1,142,118,690",1.959,,,,,,,,,,,,,,,,,,,,,,,,,,,
7/10/19,"1,142,118,690",1.959,,,,,,,,,,,,,,,,,,,,,,,,,,,
7/11/19,"1,142,118,690",1.959,,,,,,,,,,,,,,,,,,,,,,,,,,,
7/12/19,"1,142,118,690",1.959,,,,,,,,,,,,,,,,,,,,,,,,,,,
7/15/19,"1,142,118,690",1.959,,,,,,,,,,,,,,,,,,,,,,,,,,,
7/16/19,"1,142,118,690",1.959,,,,,,,,,,,,,,,,,,,,,,,,,,,
7/17/19,"1,142,118,690",1.959,,,,,,,,,,,,,,,,,,,,,,,,,,,
7/18/19,"1,142,118,690",1.959,,,,,,,,,,,,,,,,,,,,,,,,,,,
7/19/19,"1,142,118,690",1.959,,,,,,,,,,,,,,,,,,,,,,,,,,,
7/22/19,"1,142,118,690",1.959,,,,,,,,,,,,,,,,,,,,,,,,,,,
7/23/19,"1,142,118,690",1.959,,,,,,,,,,,,,,,,,,,,,,,,,,,
7/24/19,"1,142,118,690",1.959,,,,,,,,,,,,,,,,,,,,,,,,,,,
7/25/19,"1,142,118,690",1.959,,,,,,,,,,,,,,,,,,,,,,,,,,,
7/26/19,"1,142,118,690",1.959,,,,,,,,,,,,,,,,,,,,,,,,,,,
7/29/19,"1,142,118,690",1.959,,,,,,,,,,,,,,,,,,,,,,,,,,,
7/30/19,"1,142,118,690",1.959,,,,,,,,,,,,,,,,,,,,,,,,,,,
7/31/19,"1,142,118,690",1.959,,,,,,,,,,,,,,,,,,,,,,,,,,,
8/1/19,"1,142,118,690",1.959,,,,,,,,,,,,,,,,,,,,,,,,,,,
8/2/19,"1,142,118,690",1.959,,,,,,,,,,,,,,,,,,,,,,,,,,,
8/3/19,"1,142,118,690",1.959,,,,,,,,,,,,,,,,,,,,,,,,,,,
8/4/19,"1,142,118,690",1.959,,,,,,,,,,,,,,,,,,,,,,,,,,,
8/5/19,"1,142,118,690",1.959,,,,,,,,,,,,,,,,,,,,,,,,,,,
8/6/19,"1,142,118,690",1.959,,,,,,,,,,,,,,,,,,,,,,,,,,,
8/7/19,"1,142,118,690",1.959,,,,,,,,,,,,,,,,,,,,,,,,,,,
8/8/19,"1,142,118,690",1.959,,,,,,,,,,,,,,,,,,,,,,,,,,,
8/9/19,"1,142,118,690",1.959,,,,,,,,,,,,,,,,,,,,,,,,,,,
8/10/19,"1,142,118,690",1.959,,,,,,,,,,,,,,,,,,,,,,,,,,,
8/11/19,"1,142,118,690",1.959,,,,,,,,,,,,,,,,,,,,,,,,,,,
8/12/19,"1,142,118,690",1.959,,,,,,,,,,,,,,,,,,,,,,,,,,,
8/13/19,"1,142,118,690",1.959,,,,,,,,,,,,,,,,,,,,,,,,,,,
8/14/19,"1,142,118,690",1.959,,,,,,,,,,,,,,,,,,,,,,,,,,,
8/15/19,"1,142,118,690",1.959,,,,,,,,,,,,,,,,,,,,,,,,,,,
8/16/19,"1,142,118,690",1.959,,,,,,,,,,,,,,,,,,,,,,,,,,,
8/17/19,"1,142,118,690",1.959,,,,,,,,,,,,,,,,,,,,,,,,,,,
8/18/19,"1,142,118,690",1.959,,,,,,,,,,,,,,,,,,,,,,,,,,,
8/19/19,"1,142,118,690",1.959,,,,,,,,,,,,,,,,,,,,,,,,,,,
8/20/19,"1,142,118,690",1.959,,,,,,,,,,,,,,,,,,,,,,,,,,,
8/21/19,"1,142,118,690",1.959,,,,,,,,,,,,,,,,,,,,,,,,,,,
8/22/19,"1,142,118,690",1.959,,,,,,,,,,,,,,,,,,,,,,,,,,,
8/23/19,"1,142,118,690",1.959,,,,,,,,,,,,,,,,,,,,,,,,,,,
8/24/19,"1,142,118,690",1.959,,,,,,,,,,,,,,,,,,,,,,,,,,,
8/25/19,"1,142,118,690",1.959,,,,,,,,,,,,,,,,,,,,,,,,,,,
8/26/19,"1,142,118,690",1.959,,,,,,,,,,,,,,,,,,,,,,,,,,,
8/27/19,"1,142,118,690",1.959,,,,,,,,,,,,,,,,,,,,,,,,,,,
8/28/19,"1,142,118,690",1.959,,,,,,,,,,,,,,,,,,,,,,,,,,,
8/29/19,"1,142,118,690",1.959,,,,,,,,,,,,,,,,,,,,,,,,,,,
8/30/19,"1,142,118,690",1.959,,,,,,,,,,,,,,,,,,,,,,,,,,,
8/31/19,"1,142,118,690",1.959,,,,,,,,,,,,,,,,,,,,,,,,,,,
9/1/19,"1,142,118,690",1.959,,,,,,,,,,,,,,,,,,,,,,,,,,,
9/2/19,"1,142,118,690",1.959,,,,,,,,,,,,,,,,,,,,,,,,,,,
9/3/19,"1,142,118,690",1.959,,,,,,,,,,,,,,,,,,,,,,,,,,,
9/4/19,"1,142,118,690",1.959,,,,,,,,,,,,,,,,,,,,,,,,,,,
9/5/19,"1,142,118,690",1.959,,,,,,,,,,,,,,,,,,,,,,,,,,,
9/6/19,"1,142,118,690",1.959,,,,,,,,,,,,,,,,,,,,,,,,,,,
9/7/19,"1,142,118,690",1.959,,,,,,,,,,,,,,,,,,,,,,,,,,,
9/8/19,"1,142,118,690",1.959,,,,,,,,,,,,,,,,,,,,,,,,,,,
9/9/19,"1,142,118,690",1.959,,,,,,,,,,,,,,,,,,,,,,,,,,,
9/10/19,"1,142,118,690",1.959,,,,,,,,,,,,,,,,,,,,,,,,,,,
9/11/19,"1,142,118,690",1.959,,,,,,,,,,,,,,,,,,,,,,,,,,,
9/12/19,"1,142,118,690",1.959,,,,,,,,,,,,,,,,,,,,,,,,,,,
9/13/19,"1,142,118,690",1.959,,,,,,,,,,,,,,,,,,,,,,,,,,,
9/14/19,"1,142,118,690",1.959,,,,,,,,,,,,,,,,,,,,,,,,,,,
9/15/19,"1,142,118,690",1.959,,,,,,,,,,,,,,,,,,,,,,,,,,,
9/16/19,"1,142,118,690",1.959,,,,,,,,,,,,,,,,,,,,,,,,,,,
9/17/19,"1,142,118,690",1.959,,,,,,,,,,,,,,,,,,,,,,,,,,,
9/18/19,"1,142,118,690",1.959,,,,,,,,,,,,,,,,,,,,,,,,,,,
9/19/19,"1,142,118,690",1.959,,,,,,,,,,,,,,,,,,,,,,,,,,,
9/20/19,"1,142,118,690",1.959,,,,,,,,,,,,,,,,,,,,,,,,,,,
9/21/19,"1,142,118,690",1.959,,,,,,,,,,,,,,,,,,,,,,,,,,,
9/22/19,"1,142,118,690",1.959,,,,,,,,,,,,,,,,,,,,,,,,,,,
9/23/19,"1,142,118,690",1.959,,,,,,,,,,,,,,,,,,,,,,,,,,,
9/24/19,"1,142,118,690",1.959,,,,,,,,,,,,,,,,,,,,,,,,,,,
9/25/19,"1,142,118,690",1.959,,,,,,,,,,,,,,,,,,,,,,,,,,,
9/26/19,"1,142,118,690",1.959,,,,,,,,,,,,,,,,,,,,,,,,,,,
9/27/19,"1,142,118,690",1.959,,,,,,,,,,,,,,,,,,,,,,,,,,,
9/28/19,"1,142,118,690",1.959,,,,,,,,,,,,,,,,,,,,,,,,,,,
9/29/19,"1,142,118,690",1.959,,,,,,,,,,,,,,,,,,,,,,,,,,,
9/30/19,"1,142,118,690",1.959,,,,,,,,,,,,,,,,,,,,,,,,,,,
10/1/19,"1,142,118,690",1.959,,,,,,,,,,,,,,,,,,,,,,,,,,,
10/2/19,"1,142,118,690",1.959,,,,,,,,,,,,,,,,,,,,,,,,,,,
10/3/19,"1,142,118,690",1.959,,,,,,,,,,,,,,,,,,,,,,,,,,,
10/4/19,"1,142,118,690",1.959,,,,,,,,,,,,,,,,,,,,,,,,,,,
10/5/19,"1,142,118,690",1.959,,,,,,,,,,,,,,,,,,,,,,,,,,,
10/6/19,"1,142,118,690",1.959,,,,,,,,,,,,,,,,,,,,,,,,,,,
10/7/19,"1,142,118,690",1.959,,,,,,,,,,,,,,,,,,,,,,,,,,,
10/8/19,"1,142,118,690",1.959,,,,,,,,,,,,,,,,,,,,,,,,,,,
10/9/19,"1,142,118,690",1.959,,,,,,,,,,,,,,,,,,,,,,,,,,,
10/10/19,"1,142,118,690",1.959,,,,,,,,,,,,,,,,,,,,,,,,,,,
10/11/19,"1,142,118,690",1.959,,,,,,,,,,,,,,,,,,,,,,,,,,,
10/12/19,"1,142,118,690",1.959,,,,,,,,,,,,,,,,,,,,,,,,,,,
10/13/19,"1,142,118,690",1.959,,,,,,,,,,,,,,,,,,,,,,,,,,,
10/14/19,"1,142,118,690",1.959,,,,,,,,,,,,,,,,,,,,,,,,,,,
10/15/19,"1,142,118,690",1.959,,,,,,,,,,,,,,,,,,,,,,,,,,,
10/16/19,"1,142,118,690",1.959,,,,,,,,,,,,,,,,,,,,,,,,,,,
10/17/19,"1,142,118,690",1.959,,,,,,,,,,,,,,,,,,,,,,,,,,,
10/18/19,"1,142,118,690",1.959,,,,,,,,,,,,,,,,,,,,,,,,,,,
10/19/19,"1,142,118,690",1.959,,,,,,,,,,,,,,,,,,,,,,,,,,,
10/20/19,"1,142,118,690",1.959,,,,,,,,,,,,,,,,,,,,,,,,,,,
10/21/19,"1,142,118,690",1.959,,,,,,,,,,,,,,,,,,,,,,,,,,,
10/22/19,"1,142,118,690",1.959,,,,,,,,,,,,,,,,,,,,,,,,,,,
10/23/19,"1,142,118,690",1.959,,,,,,,,,,,,,,,,,,,,,,,,,,,
10/24/19,"1,142,118,690",1.959,,,,,,,,,,,,,,,,,,,,,,,,,,,
10/25/19,"1,142,118,690",1.959,,,,,,,,,,,,,,,,,,,,,,,,,,,
10/26/19,"1,142,118,690",1.959,,,,,,,,,,,,,,,,,,,,,,,,,,,
10/27/19,"1,142,118,690",1.959,,,,,,,,,,,,,,,,,,,,,,,,,,,
10/28/19,"1,142,118,690",1.959,,,,,,,,,,,,,,,,,,,,,,,,,,,
10/29/19,"1,142,118,690",1.959,,,,,,,,,,,,,,,,,,,,,,,,,,,
10/30/19,"1,142,118,690",1.959,,,,,,,,,,,,,,,,,,,,,,,,,,,
10/31/19,"1,142,118,690",1.959,,,,,,,,,,,,,,,,,,,,,,,,,,,
11/1/19,"1,142,118,690",1.959,,,,,,,,,,,,,,,,,,,,,,,,,,,
11/2/19,"1,142,118,690",1.959,,,,,,,,,,,,,,,,,,,,,,,,,,,
11/3/19,"1,142,118,690",1.959,,,,,,,,,,,,,,,,,,,,,,,,,,,
11/4/19,"1,142,118,690",1.959,,,,,,,,,,,,,,,,,,,,,,,,,,,
11/5/19,"1,142,118,690",1.959,,,,,,,,,,,,,,,,,,,,,,,,,,,
11/6/19,"1,142,118,690",1.959,,,,,,,,,,,,,,,,,,,,,,,,,,,
11/7/19,"1,142,118,690",1.959,,,,,,,,,,,,,,,,,,,,,,,,,,,
11/8/19,"1,142,118,690",1.959,,,,,,,,,,,,,,,,,,,,,,,,,,,
11/9/19,"1,142,118,690",1.959,,,,,,,,,,,,,,,,,,,,,,,,,,,
11/10/19,"1,142,118,690",1.959,,,,,,,,,,,,,,,,,,,,,,,,,,,
11/11/19,"1,142,118,690",1.959,,,,,,,,,,,,,,,,,,,,,,,,,,,
11/12/19,"1,142,118,690",1.959,,,,,,,,,,,,,,,,,,,,,,,,,,,
11/13/19,"1,142,118,690",1.959,,,,,,,,,,,,,,,,,,,,,,,,,,,
11/14/19,"1,142,118,690",1.959,,,,,,,,,,,,,,,,,,,,,,,,,,,
11/15/19,"1,142,118,690",1.959,,,,,,,,,,,,,,,,,,,,,,,,,,,
11/16/19,"1,142,118,690",1.959,,,,,,,,,,,,,,,,,,,,,,,,,,,
11/17/19,"1,142,118,690",1.959,,,,,,,,,,,,,,,,,,,,,,,,,,,
11/18/19,"1,142,118,690",1.959,,,,,,,,,,,,,,,,,,,,,,,,,,,
11/19/19,"1,142,118,690",1.959,,,,,,,,,,,,,,,,,,,,,,,,,,,
11/20/19,"1,142,118,690",1.959,,,,,,,,,,,,,,,,,,,,,,,,,,,
11/21/19,"1,142,118,690",1.959,,,,,,,,,,,,,,,,,,,,,,,,,,,
11/22/19,"1,142,118,690",1.959,,,,,,,,,,,,,,,,,,,,,,,,,,,
11/23/19,"1,142,118,690",1.959,,,,,,,,,,,,,,,,,,,,,,,,,,,
11/24/19,"1,142,118,690",1.959,,,,,,,,,,,,,,,,,,,,,,,,,,,
11/25/19,"1,142,118,690",1.959,,,,,,,,,,,,,,,,,,,,,,,,,,,
11/26/19,"1,142,118,690",1.959,,,,,,,,,,,,,,,,,,,,,,,,,,,
11/27/19,"1,142,118,690",1.959,,,,,,,,,,,,,,,,,,,,,,,,,,,
11/28/19,"1,142,118,690",1.959,,,,,,,,,,,,,,,,,,,,,,,,,,,
11/29/19,"1,142,118,690",1.959,,,,,,,,,,,,,,,,,,,,,,,,,,,
11/30/19,"1,142,118,690",1.959,,,,,,,,,,,,,,,,,,,,,,,,,,,
12/1/19,"1,142,118,690",1.959,,,,,,,,,,,,,,,,,,,,,,,,,,,
12/2/19,"1,142,118,690",1.959,,,,,,,,,,,,,,,,,,,,,,,,,,,
12/3/19,"1,142,118,690",1.959,,,,,,,,,,,,,,,,,,,,,,,,,,,
12/4/19,"1,142,118,690",1.959,,,,,,,,,,,,,,,,,,,,,,,,,,,
12/5/19,"1,142,118,690",1.959,,,,,,,,,,,,,,,,,,,,,,,,,,,
12/6/19,"1,142,118,690",1.959,,,,,,,,,,,,,,,,,,,,,,,,,,,
12/7/19,"1,142,118,690",1.959,,,,,,,,,,,,,,,,,,,,,,,,,,,
12/8/19,"1,142,118,690",1.959,,,,,,,,,,,,,,,,,,,,,,,,,,,
12/9/19,"1,142,118,690",1.959,,,,,,,,,,,,,,,,,,,,,,,,,,,
12/10/19,"1,142,118,690",1.959,,,,,,,,,,,,,,,,,,,,,,,,,,,
12/11/19,"1,142,118,690",1.959,,,,,,,,,,,,,,,,,,,,,,,,,,,
12/12/19,"1,142,118,690",1.959,,,,,,,,,,,,,,,,,,,,,,,,,,,
12/13/19,"1,142,118,690",1.959,,,,,,,,,,,,,,,,,,,,,,,,,,,
12/14/19,"1,142,118,690",1.959,,,,,,,,,,,,,,,,,,,,,,,,,,,
12/15/19,"1,142,118,690",1.959,,,,,,,,,,,,,,,,,,,,,,,,,,,
12/16/19,"1,142,118,690",1.959,,,,,,,,,,,,,,,,,,,,,,,,,,,
12/17/19,"1,142,118,690",1.959,,,,,,,,,,,,,,,,,,,,,,,,,,,
12/18/19,"1,142,118,690",1.959,,,,,,,,,,,,,,,,,,,,,,,,,,,
12/19/19,"1,142,118,690",1.959,,,,,,,,,,,,,,,,,,,,,,,,,,,
12/20/19,"1,142,118,690",1.959,,,,,,,,,,,,,,,,,,,,,,,,,,,
12/21/19,"1,142,118,690",1.959,,,,,,,,,,,,,,,,,,,,,,,,,,,
12/22/19,"1,142,118,690",1.959,,,,,,,,,,,,,,,,,,,,,,,,,,,
12/23/19,"1,142,118,690",1.959,,,,,,,,,,,,,,,,,,,,,,,,,,,
12/24/19,"1,142,118,690",1.959,,,,,,,,,,,,,,,,,,,,,,,,,,,
12/25/19,"1,142,118,690",1.959,,,,,,,,,,,,,,,,,,,,,,,,,,,
12/26/19,"1,142,118,690",1.959,,,,,,,,,,,,,,,,,,,,,,,,,,,
12/27/19,"1,142,118,690",1.959,,,,,,,,,,,,,,,,,,,,,,,,,,,
12/28/19,"1,142,118,690",1.959,,,,,,,,,,,,,,,,,,,,,,,,,,,
12/29/19,"1,142,118,690",1.959,,,,,,,,,,,,,,,,,,,,,,,,,,,
12/30/19,"1,142,118,690",1.959,,,,,,,,,,,,,,,,,,,,,,,,,,,
12/31/19,"1,628,505,840",2.478,,,,,,,,,,,,,,,,,,,,,,,,,,,
1/1/20,"1,628,505,840",2.478,,,,,,,,,,,,,,,,,,,,,,,,,,,
1/2/20,"1,628,505,840",2.478,,,,,,,,,,,,,,,,,,,,,,,,,,,
1/3/20,"1,628,505,840",2.478,,,,,,,,,,,,,,,,,,,,,,,,,,,
1/4/20,"1,628,505,840",2.478,,,,,,,,,,,,,,,,,,,,,,,,,,,
1/5/20,"1,628,505,840",2.478,,,,,,,,,,,,,,,,,,,,,,,,,,,
1/6/20,"1,628,505,840",2.478,,,,,,,,,,,,,,,,,,,,,,,,,,,
1/7/20,"1,628,505,840",2.478,,,,,,,,,,,,,,,,,,,,,,,,,,,
1/8/20,"1,628,505,840",2.478,,,,,,,,,,,,,,,,,,,,,,,,,,,
1/9/20,"1,628,505,840",2.478,,,,,,,,,,,,,,,,,,,,,,,,,,,
1/10/20,"1,628,505,840",2.478,,,,,,,,,,,,,,,,,,,,,,,,,,,
1/11/20,"1,628,505,840",2.478,,,,,,,,,,,,,,,,,,,,,,,,,,,
1/12/20,"1,628,505,840",2.478,,,,,,,,,,,,,,,,,,,,,,,,,,,
1/13/20,"1,628,505,840",2.478,,,,,,,,,,,,,,,,,,,,,,,,,,,
1/14/20,"1,628,505,840",2.478,,,,,,,,,,,,,,,,,,,,,,,,,,,
1/15/20,"1,628,505,840",2.478,,,,,,,,,,,,,,,,,,,,,,,,,,,
1/16/20,"1,628,505,840",2.478,,,,,,,,,,,,,,,,,,,,,,,,,,,
1/17/20,"1,628,505,840",2.478,,,,,,,,,,,,,,,,,,,,,,,,,,,
1/18/20,"1,628,505,840",2.478,,,,,,,,,,,,,,,,,,,,,,,,,,,
1/19/20,"1,628,505,840",2.478,,,,,,,,,,,,,,,,,,,,,,,,,,,
1/20/20,"1,628,505,840",2.478,,,,,,,,,,,,,,,,,,,,,,,,,,,
1/21/20,"1,628,505,840",2.478,,,,,,,,,,,,,,,,,,,,,,,,,,,
1/22/20,"1,628,505,840",2.478,,,,,,,,,,,,,,,,,,,,,,,,,,,
1/23/20,"1,628,505,840",2.478,,,,,,,,,,,,,,,,,,,,,,,,,,,
1/24/20,"1,628,505,840",2.478,,,,,,,,,,,,,,,,,,,,,,,,,,,
1/25/20,"1,628,505,840",2.478,,,,,,,,,,,,,,,,,,,,,,,,,,,
1/26/20,"1,628,505,840",2.478,,,,,,,,,,,,,,,,,,,,,,,,,,,
1/27/20,"1,628,505,840",2.478,,,,,,,,,,,,,,,,,,,,,,,,,,,
1/28/20,"1,628,505,840",2.478,,,,,,,,,,,,,,,,,,,,,,,,,,,
1/29/20,"1,628,505,840",2.478,,,,,,,,,,,,,,,,,,,,,,,,,,,
1/30/20,"1,628,505,840",2.478,,,,,,,,,,,,,,,,,,,,,,,,,,,
1/31/20,"1,628,505,840",2.478,,,,,,,,,,,,,,,,,,,,,,,,,,,
2/1/20,"1,628,505,840",2.478,,,,,,,,,,,,,,,,,,,,,,,,,,,
2/2/20,"1,628,505,840",2.478,,,,,,,,,,,,,,,,,,,,,,,,,,,
2/3/20,"1,628,505,840",2.478,,,,,,,,,,,,,,,,,,,,,,,,,,,
2/4/20,"1,628,505,840",2.478,,,,,,,,,,,,,,,,,,,,,,,,,,,
2/5/20,"1,628,505,840",2.478,,,,,,,,,,,,,,,,,,,,,,,,,,,
2/6/20,"1,628,505,840",2.478,,,,,,,,,,,,,,,,,,,,,,,,,,,
2/7/20,"1,628,505,840",2.478,,,,,,,,,,,,,,,,,,,,,,,,,,,
2/8/20,"1,628,505,840",2.478,,,,,,,,,,,,,,,,,,,,,,,,,,,
2/9/20,"1,628,505,840",2.478,,,,,,,,,,,,,,,,,,,,,,,,,,,
2/10/20,"1,628,505,840",2.478,,,,,,,,,,,,,,,,,,,,,,,,,,,
2/11/20,"1,628,505,840",2.478,,,,,,,,,,,,,,,,,,,,,,,,,,,
2/12/20,"1,628,505,840",2.478,,,,,,,,,,,,,,,,,,,,,,,,,,,
2/13/20,"1,628,505,840",2.478,,,,,,,,,,,,,,,,,,,,,,,,,,,
2/14/20,"1,628,505,840",2.478,,,,,,,,,,,,,,,,,,,,,,,,,,,
2/15/20,"1,628,505,840",2.478,,,,,,,,,,,,,,,,,,,,,,,,,,,
2/16/20,"1,628,505,840",2.478,,,,,,,,,,,,,,,,,,,,,,,,,,,
2/17/20,"1,628,505,840",2.478,,,,,,,,,,,,,,,,,,,,,,,,,,,
2/18/20,"1,628,505,840",2.478,,,,,,,,,,,,,,,,,,,,,,,,,,,
2/19/20,"1,628,505,840",2.478,,,,,,,,,,,,,,,,,,,,,,,,,,,
2/20/20,"1,628,505,840",2.478,,,,,,,,,,,,,,,,,,,,,,,,,,,
2/21/20,"1,628,505,840",2.478,,,,,,,,,,,,,,,,,,,,,,,,,,,
2/22/20,"1,628,505,840",2.478,,,,,,,,,,,,,,,,,,,,,,,,,,,
2/23/20,"1,628,505,840",2.478,,,,,,,,,,,,,,,,,,,,,,,,,,,
2/24/20,"1,628,505,840",2.478,,,,,,,,,,,,,,,,,,,,,,,,,,,
2/25/20,"1,628,505,840",2.478,,,,,,,,,,,,,,,,,,,,,,,,,,,
2/26/20,"1,628,505,840",2.478,,,,,,,,,,,,,,,,,,,,,,,,,,,
2/27/20,"1,628,505,840",2.478,,,,,,,,,,,,,,,,,,,,,,,,,,,
2/28/20,"1,628,505,840",2.478,,,,,,,,,,,,,,,,,,,,,,,,,,,
2/29/20,"1,628,505,840",2.478,,,,,,,,,,,,,,,,,,,,,,,,,,,
3/1/20,"1,628,505,840",2.478,,,,,,,,,,,,,,,,,,,,,,,,,,,
3/2/20,"1,628,505,840",2.478,,,,,,,,,,,,,,,,,,,,,,,,,,,
3/3/20,"1,628,505,840",2.478,,,,,,,,,,,,,,,,,,,,,,,,,,,
3/4/20,"1,628,505,840",2.478,,,,,,,,,,,,,,,,,,,,,,,,,,,
3/5/20,"1,628,505,840",2.478,,,,,,,,,,,,,,,,,,,,,,,,,,,
3/6/20,"1,628,505,840",2.478,,,,,,,,,,,,,,,,,,,,,,,,,,,
3/7/20,"1,628,505,840",2.478,,,,,,,,,,,,,,,,,,,,,,,,,,,
3/8/20,"1,628,505,840",2.478,,,,,,,,,,,,,,,,,,,,,,,,,,,
3/9/20,"1,628,505,840",2.478,,,,,,,,,,,,,,,,,,,,,,,,,,,
3/10/20,"1,628,505,840",2.478,,,,,,,,,,,,,,,,,,,,,,,,,,,
3/11/20,"1,628,505,840",2.478,,,,,,,,,,,,,,,,,,,,,,,,,,,
3/12/20,"1,628,505,840",2.478,,,,,,,,,,,,,,,,,,,,,,,,,,,
3/13/20,"1,628,505,840",2.478,,,,,,,,,,,,,,,,,,,,,,,,,,,
3/14/20,"1,628,505,840",2.478,,,,,,,,,,,,,,,,,,,,,,,,,,,
3/15/20,"1,628,505,840",2.478,,,,,,,,,,,,,,,,,,,,,,,,,,,
3/16/20,"1,628,505,840",2.478,,,,,,,,,,,,,,,,,,,,,,,,,,,
3/17/20,"1,628,505,840",2.478,,,,,,,,,,,,,,,,,,,,,,,,,,,
3/18/20,"1,628,505,840",2.478,,,,,,,,,,,,,,,,,,,,,,,,,,,
3/19/20,"1,628,505,840",2.478,,,,,,,,,,,,,,,,,,,,,,,,,,,
3/20/20,"1,628,505,840",2.478,,,,,,,,,,,,,,,,,,,,,,,,,,,
3/21/20,"1,628,505,840",2.478,,,,,,,,,,,,,,,,,,,,,,,,,,,
3/22/20,"1,628,505,840",2.478,,,,,,,,,,,,,,,,,,,,,,,,,,,
3/23/20,"1,628,505,840",2.478,,,,,,,,,,,,,,,,,,,,,,,,,,,
3/24/20,"1,628,505,840",2.478,,,,,,,,,,,,,,,,,,,,,,,,,,,
3/25/20,"1,628,505,840",2.478,,,,,,,,,,,,,,,,,,,,,,,,,,,
3/26/20,"1,628,505,840",2.478,,,,,,,,,,,,,,,,,,,,,,,,,,,
3/27/20,"1,628,505,840",2.478,,,,,,,,,,,,,,,,,,,,,,,,,,,
3/28/20,"1,628,505,840",2.478,,,,,,,,,,,,,,,,,,,,,,,,,,,
3/29/20,"1,628,505,840",2.478,,,,,,,,,,,,,,,,,,,,,,,,,,,
3/30/20,"1,628,505,840",2.478,,,,,,,,,,,,,,,,,,,,,,,,,,,
3/31/20,"1,628,505,840",2.478,,,,,,,,,,,,,,,,,,,,,,,,,,,
4/1/20,"1,628,505,840",2.478,,,,,,,,,,,,,,,,,,,,,,,,,,,
4/2/20,"1,628,505,840",2.478,,,,,,,,,,,,,,,,,,,,,,,,,,,
4/3/20,"1,628,505,840",2.478,,,,,,,,,,,,,,,,,,,,,,,,,,,
4/4/20,"1,628,505,840",2.478,,,,,,,,,,,,,,,,,,,,,,,,,,,
4/5/20,"1,628,505,840",2.478,,,,,,,,,,,,,,,,,,,,,,,,,,,
4/6/20,"1,628,505,840",2.478,,,,,,,,,,,,,,,,,,,,,,,,,,,
4/7/20,"1,628,505,840",2.478,,,,,,,,,,,,,,,,,,,,,,,,,,,
4/8/20,"1,628,505,840",2.478,,,,,,,,,,,,,,,,,,,,,,,,,,,
4/9/20,"1,628,505,840",2.478,,,,,,,,,,,,,,,,,,,,,,,,,,,
4/10/20,"1,628,505,840",2.478,,,,,,,,,,,,,,,,,,,,,,,,,,,
4/11/20,"1,628,505,840",2.478,,,,,,,,,,,,,,,,,,,,,,,,,,,
4/12/20,"1,628,505,840",2.478,,,,,,,,,,,,,,,,,,,,,,,,,,,
4/13/20,"1,628,505,840",2.478,,,,,,,,,,,,,,,,,,,,,,,,,,,
4/14/20,"1,628,505,840",2.478,,,,,,,,,,,,,,,,,,,,,,,,,,,
4/15/20,"1,628,505,840",2.478,,,,,,,,,,,,,,,,,,,,,,,,,,,
4/16/20,"1,628,505,840",2.478,,,,,,,,,,,,,,,,,,,,,,,,,,,
4/17/20,"1,628,505,840",2.478,,,,,,,,,,,,,,,,,,,,,,,,,,,
4/18/20,"1,628,505,840",2.478,,,,,,,,,,,,,,,,,,,,,,,,,,,
4/19/20,"1,628,505,840",2.478,,,,,,,,,,,,,,,,,,,,,,,,,,,
4/20/20,"1,628,505,840",2.478,,,,,,,,,,,,,,,,,,,,,,,,,,,
4/21/20,"1,628,505,840",2.478,,,,,,,,,,,,,,,,,,,,,,,,,,,
4/22/20,"1,628,505,840",2.478,,,,,,,,,,,,,,,,,,,,,,,,,,,
4/23/20,"1,628,505,840",2.478,,,,,,,,,,,,,,,,,,,,,,,,,,,
4/24/20,"1,628,505,840",2.478,,,,,,,,,,,,,,,,,,,,,,,,,,,
4/25/20,"1,628,505,840",2.478,,,,,,,,,,,,,,,,,,,,,,,,,,,
4/26/20,"1,628,505,840",2.478,,,,,,,,,,,,,,,,,,,,,,,,,,,
4/27/20,"1,628,505,840",2.478,,,,,,,,,,,,,,,,,,,,,,,,,,,
4/28/20,"1,628,505,840",2.478,,,,,,,,,,,,,,,,,,,,,,,,,,,
4/29/20,"1,628,505,840",2.478,,,,,,,,,,,,,,,,,,,,,,,,,,,
4/30/20,"1,628,505,840",2.478,,,,,,,,,,,,,,,,,,,,,,,,,,,
5/1/20,"1,628,505,840",2.478,,,,,,,,,,,,,,,,,,,,,,,,,,,
5/2/20,"1,628,505,840",2.478,,,,,,,,,,,,,,,,,,,,,,,,,,,
5/3/20,"1,628,505,840",2.478,,,,,,,,,,,,,,,,,,,,,,,,,,,
5/4/20,"1,628,505,840",2.478,,,,,,,,,,,,,,,,,,,,,,,,,,,
5/5/20,"1,628,505,840",2.478,,,,,,,,,,,,,,,,,,,,,,,,,,,
5/6/20,"1,628,505,840",2.478,,,,,,,,,,,,,,,,,,,,,,,,,,,
5/7/20,"1,628,505,840",2.478,,,,,,,,,,,,,,,,,,,,,,,,,,,
5/8/20,"1,628,505,840",2.478,,,,,,,,,,,,,,,,,,,,,,,,,,,
5/9/20,"1,628,505,840",2.478,,,,,,,,,,,,,,,,,,,,,,,,,,,
5/10/20,"1,628,505,840",2.478,,,,,,,,,,,,,,,,,,,,,,,,,,,
5/11/20,"1,628,505,840",2.478,,,,,,,,,,,,,,,,,,,,,,,,,,,
5/12/20,"1,628,505,840",2.478,,,,,,,,,,,,,,,,,,,,,,,,,,,
5/13/20,"1,628,505,840",2.478,,,,,,,,,,,,,,,,,,,,,,,,,,,
5/14/20,"1,628,505,840",2.478,,,,,,,,,,,,,,,,,,,,,,,,,,,
5/15/20,"1,628,505,840",2.478,,,,,,,,,,,,,,,,,,,,,,,,,,,
5/16/20,"1,628,505,840",2.478,,,,,,,,,,,,,,,,,,,,,,,,,,,
5/17/20,"1,628,505,840",2.478,,,,,,,,,,,,,,,,,,,,,,,,,,,
5/18/20,"1,628,505,840",2.478,,,,,,,,,,,,,,,,,,,,,,,,,,,
5/19/20,"1,628,505,840",2.478,,,,,,,,,,,,,,,,,,,,,,,,,,,
5/20/20,"1,628,505,840",2.478,,,,,,,,,,,,,,,,,,,,,,,,,,,
5/21/20,"1,628,505,840",2.478,,,,,,,,,,,,,,,,,,,,,,,,,,,
5/22/20,"1,628,505,840",2.478,,,,,,,,,,,,,,,,,,,,,,,,,,,
5/23/20,"1,628,505,840",2.478,,,,,,,,,,,,,,,,,,,,,,,,,,,
5/24/20,"1,628,505,840",2.478,,,,,,,,,,,,,,,,,,,,,,,,,,,
5/25/20,"1,628,505,840",2.478,,,,,,,,,,,,,,,,,,,,,,,,,,,
5/26/20,"1,628,505,840",2.478,,,,,,,,,,,,,,,,,,,,,,,,,,,
5/27/20,"1,628,505,840",2.478,,,,,,,,,,,,,,,,,,,,,,,,,,,
5/28/20,"1,628,505,840",2.478,,,,,,,,,,,,,,,,,,,,,,,,,,,
5/29/20,"1,628,505,840",2.478,,,,,,,,,,,,,,,,,,,,,,,,,,,
5/30/20,"1,628,505,840",2.478,,,,,,,,,,,,,,,,,,,,,,,,,,,
5/31/20,"1,628,505,840",2.478,,,,,,,,,,,,,,,,,,,,,,,,,,,
6/1/20,"1,628,505,840",2.478,,,,,,,,,,,,,,,,,,,,,,,,,,,
6/2/20,"1,628,505,840",2.478,,,,,,,,,,,,,,,,,,,,,,,,,,,
6/3/20,"1,628,505,840",2.478,,,,,,,,,,,,,,,,,,,,,,,,,,,
6/4/20,"1,628,505,840",2.478,,,,,,,,,,,,,,,,,,,,,,,,,,,
6/5/20,"1,628,505,840",2.478,,,,,,,,,,,,,,,,,,,,,,,,,,,
6/6/20,"1,628,505,840",2.478,,,,,,,,,,,,,,,,,,,,,,,,,,,
6/7/20,"1,628,505,840",2.478,,,,,,,,,,,,,,,,,,,,,,,,,,,
6/8/20,"1,628,505,840",2.478,,,,,,,,,,,,,,,,,,,,,,,,,,,
6/9/20,"1,628,505,840",2.478,,,,,,,,,,,,,,,,,,,,,,,,,,,
6/10/20,"1,628,505,840",2.478,,,,,,,,,,,,,,,,,,,,,,,,,,,
6/11/20,"1,628,505,840",2.478,,,,,,,,,,,,,,,,,,,,,,,,,,,
6/12/20,"1,628,505,840",2.478,,,,,,,,,,,,,,,,,,,,,,,,,,,
6/13/20,"1,628,505,840",2.478,,,,,,,,,,,,,,,,,,,,,,,,,,,
6/14/20,"1,628,505,840",2.478,,,,,,,,,,,,,,,,,,,,,,,,,,,
6/15/20,"1,628,505,840",2.478,,,,,,,,,,,,,,,,,,,,,,,,,,,
6/16/20,"1,628,505,840",2.478,,,,,,,,,,,,,,,,,,,,,,,,,,,
6/17/20,"1,628,505,840",2.478,,,,,,,,,,,,,,,,,,,,,,,,,,,
6/18/20,"1,628,505,840",2.478,,,,,,,,,,,,,,,,,,,,,,,,,,,
6/19/20,"1,628,505,840",2.478,,,,,,,,,,,,,,,,,,,,,,,,,,,
6/20/20,"1,628,505,840",2.478,,,,,,,,,,,,,,,,,,,,,,,,,,,
6/21/20,"1,628,505,840",2.478,,,,,,,,,,,,,,,,,,,,,,,,,,,
6/22/20,"1,628,505,840",2.478,,,,,,,,,,,,,,,,,,,,,,,,,,,
6/23/20,"1,628,505,840",2.478,,,,,,,,,,,,,,,,,,,,,,,,,,,
6/24/20,"1,628,505,840",2.478,,,,,,,,,,,,,,,,,,,,,,,,,,,
6/25/20,"1,628,505,840",2.478,,,,,,,,,,,,,,,,,,,,,,,,,,,
6/26/20,"1,628,505,840",2.478,,,,,,,,,,,,,,,,,,,,,,,,,,,
6/27/20,"1,628,505,840",2.478,,,,,,,,,,,,,,,,,,,,,,,,,,,
6/28/20,"1,628,505,840",2.478,,,,,,,,,,,,,,,,,,,,,,,,,,,
6/29/20,"1,628,505,840",2.478,,,,,,,,,,,,,,,,,,,,,,,,,,,
6/30/20,"1,628,505,840",2.478,,,,,,,,,,,,,,,,,,,,,,,,,,,
7/1/20,"1,628,505,840",2.478,,,,,,,,,,,,,,,,,,,,,,,,,,,
7/2/20,"1,628,505,840",2.478,,,,,,,,,,,,,,,,,,,,,,,,,,,
7/3/20,"1,628,505,840",2.478,,,,,,,,,,,,,,,,,,,,,,,,,,,
7/4/20,"1,628,505,840",2.478,,,,,,,,,,,,,,,,,,,,,,,,,,,
7/5/20,"1,628,505,840",2.478,,,,,,,,,,,,,,,,,,,,,,,,,,,
7/6/20,"1,628,505,840",2.478,,,,,,,,,,,,,,,,,,,,,,,,,,,
7/7/20,"1,628,505,840",2.478,,,,,,,,,,,,,,,,,,,,,,,,,,,
7/8/20,"1,628,505,840",2.478,,,,,,,,,,,,,,,,,,,,,,,,,,,
7/9/20,"1,628,505,840",2.478,,,,,,,,,,,,,,,,,,,,,,,,,,,
7/10/20,"1,628,505,840",2.478,,,,,,,,,,,,,,,,,,,,,,,,,,,
7/11/20,"1,628,505,840",2.478,,,,,,,,,,,,,,,,,,,,,,,,,,,
7/12/20,"1,628,505,840",2.478,,,,,,,,,,,,,,,,,,,,,,,,,,,
7/13/20,"1,628,505,840",2.478,,,,,,,,,,,,,,,,,,,,,,,,,,,
7/14/20,"1,628,505,840",2.478,,,,,,,,,,,,,,,,,,,,,,,,,,,
7/15/20,"1,628,505,840",2.478,,,,,,,,,,,,,,,,,,,,,,,,,,,
7/16/20,"1,628,505,840",2.478,,,,,,,,,,,,,,,,,,,,,,,,,,,
7/17/20,"1,628,505,840",2.478,,,,,,,,,,,,,,,,,,,,,,,,,,,
7/18/20,"1,628,505,840",2.478,,,,,,,,,,,,,,,,,,,,,,,,,,,
7/19/20,"1,628,505,840",2.478,,,,,,,,,,,,,,,,,,,,,,,,,,,
7/20/20,"1,628,505,840",2.478,,,,,,,,,,,,,,,,,,,,,,,,,,,
7/21/20,"1,628,505,840",2.478,,,,,,,,,,,,,,,,,,,,,,,,,,,
7/22/20,"1,628,505,840",2.478,,,,,,,,,,,,,,,,,,,,,,,,,,,
7/23/20,"1,628,505,840",2.478,,,,,,,,,,,,,,,,,,,,,,,,,,,
7/24/20,"1,628,505,840",2.478,,,,,,,,,,,,,,,,,,,,,,,,,,,
7/25/20,"1,628,505,840",2.478,,,,,,,,,,,,,,,,,,,,,,,,,,,
7/26/20,"1,628,505,840",2.478,,,,,,,,,,,,,,,,,,,,,,,,,,,
7/27/20,"1,628,505,840",2.478,,,,,,,,,,,,,,,,,,,,,,,,,,,
7/28/20,"1,628,505,840",2.478,,,,,,,,,,,,,,,,,,,,,,,,,,,
7/29/20,"1,628,505,840",2.478,,,,,,,,,,,,,,,,,,,,,,,,,,,
7/30/20,"1,628,505,840",2.478,,,,,,,,,,,,,,,,,,,,,,,,,,,
7/31/20,"1,628,505,840",2.478,,,,,,,,,,,,,,,,,,,,,,,,,,,
8/1/20,"1,628,505,840",2.478,,,,,,,,,,,,,,,,,,,,,,,,,,,
8/2/20,"1,628,505,840",2.478,,,,,,,,,,,,,,,,,,,,,,,,,,,
8/3/20,"1,628,505,840",2.478,,,,,,,,,,,,,,,,,,,,,,,,,,,
8/4/20,"1,628,505,840",2.478,,,,,,,,,,,,,,,,,,,,,,,,,,,
8/5/20,"1,628,505,840",2.478,,,,,,,,,,,,,,,,,,,,,,,,,,,
8/6/20,"1,628,505,840",2.478,,,,,,,,,,,,,,,,,,,,,,,,,,,
8/7/20,"1,628,505,840",2.478,,,,,,,,,,,,,,,,,,,,,,,,,,,
8/8/20,"1,628,505,840",2.478,,,,,,,,,,,,,,,,,,,,,,,,,,,
8/9/20,"1,628,505,840",2.478,,,,,,,,,,,,,,,,,,,,,,,,,,,
8/10/20,"1,628,505,840",2.478,,,,,,,,,,,,,,,,,,,,,,,,,,,
8/11/20,"1,628,505,840",2.478,,,,,,,,,,,,,,,,,,,,,,,,,,,
8/12/20,"1,628,505,840",2.478,,,,,,,,,,,,,,,,,,,,,,,,,,,
8/13/20,"1,628,505,840",2.478,,,,,,,,,,,,,,,,,,,,,,,,,,,
8/14/20,"1,628,505,840",2.478,,,,,,,,,,,,,,,,,,,,,,,,,,,
8/15/20,"1,628,505,840",2.478,,,,,,,,,,,,,,,,,,,,,,,,,,,
8/16/20,"1,628,505,840",2.478,,,,,,,,,,,,,,,,,,,,,,,,,,,
8/17/20,"1,628,505,840",2.478,,,,,,,,,,,,,,,,,,,,,,,,,,,
8/18/20,"1,628,505,840",2.478,,,,,,,,,,,,,,,,,,,,,,,,,,,
8/19/20,"1,628,505,840",2.478,,,,,,,,,,,,,,,,,,,,,,,,,,,
8/20/20,"1,628,505,840",2.478,,,,,,,,,,,,,,,,,,,,,,,,,,,
8/21/20,"1,628,505,840",2.478,,,,,,,,,,,,,,,,,,,,,,,,,,,
8/22/20,"1,628,505,840",2.478,,,,,,,,,,,,,,,,,,,,,,,,,,,
8/23/20,"1,628,505,840",2.478,,,,,,,,,,,,,,,,,,,,,,,,,,,
8/24/20,"1,628,505,840",2.478,,,,,,,,,,,,,,,,,,,,,,,,,,,
8/25/20,"1,628,505,840",2.478,,,,,,,,,,,,,,,,,,,,,,,,,,,
8/26/20,"1,628,505,840",2.478,,,,,,,,,,,,,,,,,,,,,,,,,,,
8/27/20,"1,628,505,840",2.478,,,,,,,,,,,,,,,,,,,,,,,,,,,
8/28/20,"1,628,505,840",2.478,,,,,,,,,,,,,,,,,,,,,,,,,,,
8/29/20,"1,628,505,840",2.478,,,,,,,,,,,,,,,,,,,,,,,,,,,
8/30/20,"1,628,505,840",2.478,,,,,,,,,,,,,,,,,,,,,,,,,,,
8/31/20,"1,628,505,840",2.478,,,,,,,,,,,,,,,,,,,,,,,,,,,
9/1/20,"1,628,505,840",2.478,,,,,,,,,,,,,,,,,,,,,,,,,,,
9/2/20,"1,628,505,840",2.478,,,,,,,,,,,,,,,,,,,,,,,,,,,
9/3/20,"1,628,505,840",2.478,,,,,,,,,,,,,,,,,,,,,,,,,,,
9/4/20,"1,628,505,840",2.478,,,,,,,,,,,,,,,,,,,,,,,,,,,
9/5/20,"1,628,505,840",2.478,,,,,,,,,,,,,,,,,,,,,,,,,,,
9/6/20,"1,628,505,840",2.478,,,,,,,,,,,,,,,,,,,,,,,,,,,
9/7/20,"1,628,505,840",2.478,,,,,,,,,,,,,,,,,,,,,,,,,,,
9/8/20,"1,628,505,840",2.478,,,,,,,,,,,,,,,,,,,,,,,,,,,
9/9/20,"1,628,505,840",2.478,,,,,,,,,,,,,,,,,,,,,,,,,,,
9/10/20,"1,628,505,840",2.478,,,,,,,,,,,,,,,,,,,,,,,,,,,
9/11/20,"1,628,505,840",2.478,,,,,,,,,,,,,,,,,,,,,,,,,,,
9/12/20,"1,628,505,840",2.478,,,,,,,,,,,,,,,,,,,,,,,,,,,
9/13/20,"1,628,505,840",2.478,,,,,,,,,,,,,,,,,,,,,,,,,,,
9/14/20,"1,628,505,840",2.478,,,,,,,,,,,,,,,,,,,,,,,,,,,
9/15/20,"1,628,505,840",2.478,,,,,,,,,,,,,,,,,,,,,,,,,,,
9/16/20,"1,628,505,840",2.478,,,,,,,,,,,,,,,,,,,,,,,,,,,
9/17/20,"1,628,505,840",2.478,,,,,,,,,,,,,,,,,,,,,,,,,,,
9/18/20,"1,628,505,840",2.478,,,,,,,,,,,,,,,,,,,,,,,,,,,
9/19/20,"1,628,505,840",2.478,,,,,,,,,,,,,,,,,,,,,,,,,,,
9/20/20,"1,628,505,840",2.478,,,,,,,,,,,,,,,,,,,,,,,,,,,
9/21/20,"1,628,505,840",2.478,,,,,,,,,,,,,,,,,,,,,,,,,,,
9/22/20,"1,628,505,840",2.478,,,,,,,,,,,,,,,,,,,,,,,,,,,
9/23/20,"1,628,505,840",2.478,,,,,,,,,,,,,,,,,,,,,,,,,,,
9/24/20,"1,628,505,840",2.478,,,,,,,,,,,,,,,,,,,,,,,,,,,
9/25/20,"1,628,505,840",2.478,,,,,,,,,,,,,,,,,,,,,,,,,,,
9/26/20,"1,628,505,840",2.478,,,,,,,,,,,,,,,,,,,,,,,,,,,
9/27/20,"1,628,505,840",2.478,,,,,,,,,,,,,,,,,,,,,,,,,,,
9/28/20,"1,628,505,840",2.478,,,,,,,,,,,,,,,,,,,,,,,,,,,
9/29/20,"1,628,505,840",2.478,,,,,,,,,,,,,,,,,,,,,,,,,,,
9/30/20,"1,628,505,840",2.478,,,,,,,,,,,,,,,,,,,,,,,,,,,
10/1/20,"1,628,505,840",2.478,,,,,,,,,,,,,,,,,,,,,,,,,,,
10/2/20,"1,628,505,840",2.478,,,,,,,,,,,,,,,,,,,,,,,,,,,
10/3/20,"1,628,505,840",2.478,,,,,,,,,,,,,,,,,,,,,,,,,,,
10/4/20,"1,628,505,840",2.478,,,,,,,,,,,,,,,,,,,,,,,,,,,
10/5/20,"1,628,505,840",2.478,,,,,,,,,,,,,,,,,,,,,,,,,,,
10/6/20,"1,628,505,840",2.478,,,,,,,,,,,,,,,,,,,,,,,,,,,
10/7/20,"1,628,505,840",2.478,,,,,,,,,,,,,,,,,,,,,,,,,,,
10/8/20,"1,628,505,840",2.478,,,,,,,,,,,,,,,,,,,,,,,,,,,
10/9/20,"1,628,505,840",2.478,,,,,,,,,,,,,,,,,,,,,,,,,,,
10/10/20,"1,628,505,840",2.478,,,,,,,,,,,,,,,,,,,,,,,,,,,
10/11/20,"1,628,505,840",2.478,,,,,,,,,,,,,,,,,,,,,,,,,,,
10/12/20,"1,628,505,840",2.478,,,,,,,,,,,,,,,,,,,,,,,,,,,
10/13/20,"1,628,505,840",2.478,,,,,,,,,,,,,,,,,,,,,,,,,,,
10/14/20,"1,628,505,840",2.478,,,,,,,,,,,,,,,,,,,,,,,,,,,
10/15/20,"1,628,505,840",2.478,,,,,,,,,,,,,,,,,,,,,,,,,,,
10/16/20,"1,628,505,840",2.478,,,,,,,,,,,,,,,,,,,,,,,,,,,
10/17/20,"1,628,505,840",2.478,,,,,,,,,,,,,,,,,,,,,,,,,,,
10/18/20,"1,628,505,840",2.478,,,,,,,,,,,,,,,,,,,,,,,,,,,
10/19/20,"1,628,505,840",2.478,,,,,,,,,,,,,,,,,,,,,,,,,,,
10/20/20,"1,628,505,840",2.478,,,,,,,,,,,,,,,,,,,,,,,,,,,
10/21/20,"1,628,505,840",2.478,,,,,,,,,,,,,,,,,,,,,,,,,,,
10/22/20,"1,628,505,840",2.478,,,,,,,,,,,,,,,,,,,,,,,,,,,
10/23/20,"1,628,505,840",2.478,,,,,,,,,,,,,,,,,,,,,,,,,,,
10/24/20,"1,628,505,840",2.478,,,,,,,,,,,,,,,,,,,,,,,,,,,
10/25/20,"1,628,505,840",2.478,,,,,,,,,,,,,,,,,,,,,,,,,,,
10/26/20,"1,628,505,840",2.478,,,,,,,,,,,,,,,,,,,,,,,,,,,
10/27/20,"1,628,505,840",2.478,,,,,,,,,,,,,,,,,,,,,,,,,,,
10/28/20,"1,628,505,840",2.478,,,,,,,,,,,,,,,,,,,,,,,,,,,
10/29/20,"1,628,505,840",2.478,,,,,,,,,,,,,,,,,,,,,,,,,,,
10/30/20,"1,628,505,840",2.478,,,,,,,,,,,,,,,,,,,,,,,,,,,
10/31/20,"1,628,505,840",2.478,,,,,,,,,,,,,,,,,,,,,,,,,,,
11/1/20,"1,628,505,840",2.478,,,,,,,,,,,,,,,,,,,,,,,,,,,
11/2/20,"1,628,505,840",2.478,,,,,,,,,,,,,,,,,,,,,,,,,,,
11/3/20,"1,628,505,840",2.478,,,,,,,,,,,,,,,,,,,,,,,,,,,
11/4/20,"1,628,505,840",2.478,,,,,,,,,,,,,,,,,,,,,,,,,,,
11/5/20,"1,628,505,840",2.478,,,,,,,,,,,,,,,,,,,,,,,,,,,
11/6/20,"1,628,505,840",2.478,,,,,,,,,,,,,,,,,,,,,,,,,,,
11/7/20,"1,628,505,840",2.478,,,,,,,,,,,,,,,,,,,,,,,,,,,
11/8/20,"1,628,505,840",2.478,,,,,,,,,,,,,,,,,,,,,,,,,,,
11/9/20,"1,628,505,840",2.478,,,,,,,,,,,,,,,,,,,,,,,,,,,
11/10/20,"1,628,505,840",2.478,,,,,,,,,,,,,,,,,,,,,,,,,,,
11/11/20,"1,628,505,840",2.478,,,,,,,,,,,,,,,,,,,,,,,,,,,
11/12/20,"1,628,505,840",2.478,,,,,,,,,,,,,,,,,,,,,,,,,,,
11/13/20,"1,628,505,840",2.478,,,,,,,,,,,,,,,,,,,,,,,,,,,
11/14/20,"1,628,505,840",2.478,,,,,,,,,,,,,,,,,,,,,,,,,,,
11/15/20,"1,628,505,840",2.478,,,,,,,,,,,,,,,,,,,,,,,,,,,
11/16/20,"1,628,505,840",2.478,,,,,,,,,,,,,,,,,,,,,,,,,,,
11/17/20,"1,628,505,840",2.478,,,,,,,,,,,,,,,,,,,,,,,,,,,
11/18/20,"1,628,505,840",2.478,,,,,,,,,,,,,,,,,,,,,,,,,,,
11/19/20,"1,628,505,840",2.478,,,,,,,,,,,,,,,,,,,,,,,,,,,
11/20/20,"1,628,505,840",2.478,,,,,,,,,,,,,,,,,,,,,,,,,,,
11/21/20,"1,628,505,840",2.478,,,,,,,,,,,,,,,,,,,,,,,,,,,
11/22/20,"1,628,505,840",2.478,,,,,,,,,,,,,,,,,,,,,,,,,,,
11/23/20,"1,628,505,840",2.478,,,,,,,,,,,,,,,,,,,,,,,,,,,
11/24/20,"1,628,505,840",2.478,,,,,,,,,,,,,,,,,,,,,,,,,,,
11/25/20,"1,628,505,840",2.478,,,,,,,,,,,,,,,,,,,,,,,,,,,
11/26/20,"1,628,505,840",2.478,,,,,,,,,,,,,,,,,,,,,,,,,,,
11/27/20,"1,628,505,840",2.478,,,,,,,,,,,,,,,,,,,,,,,,,,,
11/28/20,"1,628,505,840",2.478,,,,,,,,,,,,,,,,,,,,,,,,,,,
11/29/20,"1,628,505,840",2.478,,,,,,,,,,,,,,,,,,,,,,,,,,,
11/30/20,"1,628,505,840",2.478,,,,,,,,,,,,,,,,,,,,,,,,,,,
12/1/20,"1,628,505,840",2.478,,,,,,,,,,,,,,,,,,,,,,,,,,,
12/2/20,"1,628,505,840",2.478,,,,,,,,,,,,,,,,,,,,,,,,,,,
12/3/20,"1,628,505,840",2.478,,,,,,,,,,,,,,,,,,,,,,,,,,,
12/4/20,"1,628,505,840",2.478,,,,,,,,,,,,,,,,,,,,,,,,,,,
12/5/20,"1,628,505,840",2.478,,,,,,,,,,,,,,,,,,,,,,,,,,,
12/6/20,"1,628,505,840",2.478,,,,,,,,,,,,,,,,,,,,,,,,,,,
12/7/20,"1,628,505,840",2.478,,,,,,,,,,,,,,,,,,,,,,,,,,,
12/8/20,"1,628,505,840",2.478,,,,,,,,,,,,,,,,,,,,,,,,,,,
12/9/20,"1,628,505,840",2.478,,,,,,,,,,,,,,,,,,,,,,,,,,,
12/10/20,"1,628,505,840",2.478,,,,,,,,,,,,,,,,,,,,,,,,,,,
12/11/20,"1,628,505,840",2.478,,,,,,,,,,,,,,,,,,,,,,,,,,,
12/12/20,"1,628,505,840",2.478,,,,,,,,,,,,,,,,,,,,,,,,,,,
12/13/20,"1,628,505,840",2.478,,,,,,,,,,,,,,,,,,,,,,,,,,,
12/14/20,"1,628,505,840",2.478,,,,,,,,,,,,,,,,,,,,,,,,,,,
12/15/20,"1,628,505,840",2.478,,,,,,,,,,,,,,,,,,,,,,,,,,,
12/16/20,"1,628,505,840",2.478,,,,,,,,,,,,,,,,,,,,,,,,,,,
12/17/20,"1,628,505,840",2.478,,,,,,,,,,,,,,,,,,,,,,,,,,,
12/18/20,"1,628,505,840",2.478,,,,,,,,,,,,,,,,,,,,,,,,,,,
12/19/20,"1,628,505,840",2.478,,,,,,,,,,,,,,,,,,,,,,,,,,,
12/20/20,"1,628,505,840",2.478,,,,,,,,,,,,,,,,,,,,,,,,,,,
12/21/20,"1,628,505,840",2.478,,,,,,,,,,,,,,,,,,,,,,,,,,,
12/22/20,"1,628,505,840",2.478,,,,,,,,,,,,,,,,,,,,,,,,,,,
12/23/20,"1,628,505,840",2.478,,,,,,,,,,,,,,,,,,,,,,,,,,,
12/24/20,"1,628,505,840",2.478,,,,,,,,,,,,,,,,,,,,,,,,,,,
12/25/20,"1,628,505,840",2.478,,,,,,,,,,,,,,,,,,,,,,,,,,,
12/26/20,"1,628,505,840",2.478,,,,,,,,,,,,,,,,,,,,,,,,,,,
12/27/20,"1,628,505,840",2.478,,,,,,,,,,,,,,,,,,,,,,,,,,,
12/28/20,"1,628,505,840",2.478,,,,,,,,,,,,,,,,,,,,,,,,,,,
12/29/20,"1,628,505,840",2.478,,,,,,,,,,,,,,,,,,,,,,,,,,,
12/30/20,"1,628,505,840",2.478,,,,,,,,,,,,,,,,,,,,,,,,,,,
12/31/20,"2,340,927,600",3.138,,,,,,,,,,,,,,,,,,,,,,,,,,,
1/1/21,"2,340,927,600",3.138,,,,,,,,,,,,,,,,,,,,,,,,,,,